Timestamp,market-cap
2020-12-01 00:02:55,365876476875
2020-12-01 02:18:53,364412421896.875
2020-12-01 04:09:50,360823348925
2020-12-01 05:40:23,361159477875
2020-12-01 07:45:25,360910996637.5
2020-12-01 12:03:36,360838825703.125
2020-12-01 16:00:41,358112661506.25
2020-12-01 18:39:34,350496039468.75
2020-12-01 20:56:12,351147632000
2020-12-02 01:03:47,349831903106.25
2020-12-02 05:38:29,343458725878.125
2020-12-02 08:22:35,354271848399.99994
2020-12-02 10:52:47,355192598046.875
2020-12-02 13:46:38,355992717318.75
2020-12-02 16:00:09,350788880202.97894
2020-12-02 19:15:03,353843792575
2020-12-02 21:55:54,354328390040.625
2020-12-03 01:12:25,356307118312.5
2020-12-03 02:37:22,353497216678.125
2020-12-03 05:13:02,353638446075
2020-12-03 09:23:14,356684454981.25
2020-12-03 11:42:13,360890560456.25
2020-12-03 13:35:09,359621191406.25
2020-12-03 16:47:06,360495626400
2020-12-03 20:08:06,360738986968.75
2020-12-03 22:10:32,361390701375
2020-12-04 00:15:25,361680473603.125
2020-12-04 03:52:35,357793883500
2020-12-04 06:55:31,358993163240.625
2020-12-04 09:17:18,359617039725
2020-12-04 12:20:03,348082850171.875
2020-12-04 15:20:43,352985223825
2020-12-04 18:38:12,352523190421.875
2020-12-04 20:31:43,352970702568.75
2020-12-04 23:18:10,348378536700
2020-12-05 01:07:46,348427054303.125
2020-12-05 03:34:44,349746992381.25
2020-12-05 05:58:42,351920829459.375
2020-12-05 10:03:35,355069238400.00006
2020-12-05 13:13:28,354087436718.75
2020-12-05 17:00:07,354507131218.75
2020-12-05 19:22:40,356012772946.87494
2020-12-05 22:21:28,353081821112.5
2020-12-06 01:29:36,357636678692.9229
2020-12-06 03:47:46,356093139843.75
2020-12-06 07:32:09,357700924518.75
2020-12-06 10:32:22,353516868775
2020-12-06 14:55:03,354604871887.5
2020-12-06 18:05:21,355423711425
2020-12-06 20:33:03,355694923234.375
2020-12-06 22:48:45,355260703275
2020-12-07 00:36:14,359829525168.75
2020-12-07 03:29:16,357325405800
2020-12-07 05:24:45,358311363768.75
2020-12-07 07:47:10,359159060669.5817
2020-12-07 10:18:11,357507904859.375
2020-12-07 13:02:04,357352150912.5
2020-12-07 16:06:12,356825098784.375
2020-12-07 18:59:40,352213757100
2020-12-07 22:00:44,354174383671.875
2020-12-08 01:32:09,356441477428.125
2020-12-08 03:09:13,356257864875
2020-12-08 06:46:59,356176359656.25
2020-12-08 09:11:38,354043369875
2020-12-08 12:59:10,346545022950
2020-12-08 15:45:01,349536080893.75
2020-12-08 19:22:45,350280712762.49994
2020-12-08 21:31:10,348398279165.62494
2020-12-09 00:28:32,340444742000
2020-12-09 03:39:24,338441550831.25
2020-12-09 06:55:44,337403779762.5
2020-12-09 10:18:57,333766712168.75
2020-12-09 13:23:57,338001767125
2020-12-09 15:48:22,339767521875
2020-12-09 18:27:16,340437865200
2020-12-09 20:41:08,339047307618.75
2020-12-09 23:57:00,344145848175
2020-12-10 04:43:32,342708993825
2020-12-10 07:57:10,341188455350
2020-12-10 11:18:28,338117540337.5
2020-12-10 14:50:18,335724295921.875
2020-12-10 16:49:52,338000722050
2020-12-10 20:01:43,341493345050
2020-12-10 22:24:27,340928987400
2020-12-11 01:37:56,332436212700
2020-12-11 04:18:31,334164921562.5
2020-12-11 06:26:43,332375029584.375
2020-12-11 09:37:35,331002897662.5
2020-12-11 13:01:04,331580403796.875
2020-12-11 15:29:11,335156686875
2020-12-11 18:54:11,333821683937.5
2020-12-11 22:01:49,335949681625
2020-12-12 01:29:45,339851115156.25
2020-12-12 05:02:00,341078591934.375
2020-12-12 07:37:05,340217095550
2020-12-12 10:14:32,342196628115.625
2020-12-12 13:54:10,342170732662.5
2020-12-12 16:37:30,342274820546.875
2020-12-12 19:43:53,349481746228.125
2020-12-12 22:44:45,349270198812.5
2020-12-13 01:14:50,348362295750
2020-12-13 03:57:54,348744964262.5
2020-12-13 08:02:49,357716091584.375
2020-12-13 10:05:08,357875981100
2020-12-13 12:50:54,359707158359.375
2020-12-13 14:26:16,359003679203.125
2020-12-13 17:07:36,359145008750.00006
2020-12-13 19:57:36,356324397975
2020-12-13 22:02:59,356285933424.52704
2020-12-14 01:30:05,354508578062.49994
2020-12-14 04:13:14,357704730225
2020-12-14 06:18:28,355190461359.37494
2020-12-14 09:13:31,357151702400
2020-12-14 13:03:47,355027388484.375
2020-12-14 15:43:12,357490065625
2020-12-14 18:32:04,356628558565.625
2020-12-14 20:39:04,355497760312.5
2020-12-14 23:55:05,357477630331.25
2020-12-15 02:15:54,363403932200
2020-12-15 04:31:44,361613866978.125
2020-12-15 08:09:36,356555188450
2020-12-15 12:00:02,358507252250
2020-12-15 15:21:17,360087903112.5
2020-12-15 17:54:40,360257231250
2020-12-15 20:51:21,362515788009.375
2020-12-15 23:14:00,361496397143.75
2020-12-16 01:55:09,359158368834.375
2020-12-16 04:30:37,359392577300
2020-12-16 07:13:12,361075436109.375
2020-12-16 09:43:10,361736825962.5
2020-12-16 12:56:24,369121511346.87494
2020-12-16 16:03:09,384288252975
2020-12-16 19:37:18,384671194434.375
2020-12-16 23:13:52,397748876878.125
2020-12-17 01:51:33,402784448825
2020-12-17 05:31:18,408860175109.375
2020-12-17 09:24:12,435013667643.75
2020-12-17 11:28:59,422881330809.73834
2020-12-17 15:17:33,429140139875
2020-12-17 17:32:06,438912446212.5
2020-12-17 20:23:41,422867285606.25
2020-12-17 23:37:17,420269372600
2020-12-18 02:18:34,429004374125.95105
2020-12-18 04:46:10,426134281781.25
2020-12-18 07:22:12,425904542937.5
2020-12-18 10:43:57,428386638287.5
2020-12-18 13:20:14,426392348175.00006
2020-12-18 15:47:38,417358323406.25
2020-12-18 18:29:09,423323139334.375
2020-12-18 20:33:59,423437008725
2020-12-18 23:04:19,427804642518.75
2020-12-19 02:36:09,428745120487.5
2020-12-19 04:32:03,429917796374.9999
2020-12-19 07:14:16,425397223246.875
2020-12-19 09:15:15,427610103843.75
2020-12-19 13:26:29,428857094453.125
2020-12-19 15:16:27,437729301000.00006
2020-12-19 17:41:00,445459215381.24994
2020-12-19 20:00:11,443056221543.75
2020-12-19 21:57:25,446207340093.75
2020-12-20 01:06:22,436708357837.49994
2020-12-20 03:33:51,434212392968.75
2020-12-20 05:27:03,436629761437.5
2020-12-20 08:16:27,438118350343.75
2020-12-20 10:48:04,436151773750
2020-12-20 12:58:56,435225450581.25
2020-12-20 16:40:26,442407742668.75
2020-12-20 20:18:35,447723171728.12506
2020-12-20 22:44:29,436263924037.50006
2020-12-21 01:31:51,439740277359.375
2020-12-21 04:55:32,445520204468.75
2020-12-21 08:02:25,446145081900
2020-12-21 10:37:44,423325666250
2020-12-21 12:41:55,413965025253.4979
2020-12-21 15:49:15,428643764178.12494
2020-12-21 17:49:00,422106962137.5
2020-12-21 21:39:51,425341866734.375
2020-12-22 01:10:28,419575942937.5
2020-12-22 03:32:04,424287943375
2020-12-22 06:08:31,421522269384.375
2020-12-22 09:22:56,423642567868.75
2020-12-22 12:25:37,430360962593.75
2020-12-22 16:01:12,434023324350
2020-12-22 17:43:34,433217651328.125
2020-12-22 20:44:11,433090080206.25
2020-12-23 01:02:50,446051056443.75
2020-12-23 03:24:10,439439625800
2020-12-23 05:46:46,435401270321.875
2020-12-23 07:57:04,437726111906.25
2020-12-23 10:49:53,437830799262.5
2020-12-23 13:16:34,442858929412.5
2020-12-23 16:13:10,436126526962.5
2020-12-23 19:04:29,438702245468.75006
2020-12-23 22:13:38,433186689203.125
2020-12-24 00:39:35,427420247250
2020-12-24 03:30:12,424310615859.37506
2020-12-24 05:53:58,428874349487.5
2020-12-24 08:29:17,433001510718.74994
2020-12-24 11:12:28,429873277937.5
2020-12-24 14:12:22,434604341418.75
2020-12-24 19:47:55,433584921900
2020-12-24 23:43:49,440127629549.99994
2020-12-25 01:59:15,438179214900
2020-12-25 03:29:54,437039025609.375
2020-12-25 06:32:11,438165645775
2020-12-25 09:35:14,443129176568.75
2020-12-25 12:10:51,457271642250
2020-12-25 15:47:49,447612224812.5
2020-12-25 18:54:34,450374053593.75
2020-12-25 22:09:52,454055675596.875
2020-12-26 00:49:05,457337844950
2020-12-26 04:31:32,462085328318.68854
2020-12-26 08:23:10,462062896706.25
2020-12-26 11:15:32,460272426487.5
2020-12-26 13:32:24,462151798059.37506
2020-12-26 15:48:52,474306864281.25
2020-12-26 18:27:17,480292913953.125
2020-12-26 21:24:09,491881474900
2020-12-27 00:57:14,495981619821.875
2020-12-27 03:20:26,495064641225
2020-12-27 06:14:11,499870975484.37506
2020-12-27 08:32:40,515891797812.5
2020-12-27 11:28:01,525501864534.375
2020-12-27 14:06:09,511205606625
2020-12-27 16:28:37,505308540171.875
2020-12-27 20:02:33,502997877000
2020-12-27 22:42:27,490838273559.375
2020-12-28 00:53:21,500550677900
2020-12-28 03:38:51,502737050428.125
2020-12-28 06:05:10,500574984975
2020-12-28 08:45:31,500531388828.12494
2020-12-28 11:04:19,496092821006.25
2020-12-28 13:13:38,503510471409.375
2020-12-28 15:56:07,499759463000
2020-12-28 18:44:34,504538332834.375
2020-12-28 21:29:19,499895264343.75
2020-12-29 00:48:22,498541664012.5
2020-12-29 04:44:08,492774172625
2020-12-29 07:45:54,487712812481.25
2020-12-29 09:57:59,495093545621.875
2020-12-29 12:40:20,501954001325.00006
2020-12-29 14:48:55,496316488612.5
2020-12-29 18:32:07,495938342593.75
2020-12-29 20:26:13,498635954896.875
2020-12-29 22:58:47,501956187975
2020-12-30 01:15:30,514494560084.375
2020-12-30 02:54:37,518121574018.75
2020-12-30 05:28:11,520336162265.625
2020-12-30 07:10:47,527977654200
2020-12-30 09:01:52,515751714531.25006
2020-12-30 11:29:49,517836229921.875
2020-12-30 14:13:48,518127440187.5
2020-12-30 15:51:24,523585286831.25
2020-12-30 18:57:55,529015317228.125
2020-12-30 21:46:57,538329852325
2020-12-31 01:15:07,529932077578.125
2020-12-31 03:48:35,537415997187.49994
2020-12-31 05:32:26,539119703846.875
2020-12-31 08:09:59,542905092749.99994
2020-12-31 10:12:26,539469715781.25
2020-12-31 13:16:03,522940119056.25
2020-12-31 16:20:25,532877642812.50006
2020-12-31 19:03:08,536960469650
2020-12-31 21:23:25,540216230253.125
2020-12-31 23:10:58,541436761125.00006
2021-01-01 01:08:02,539748437481.25
2021-01-01 03:45:20,545216137625
2021-01-01 06:35:34,542431169568.74994
2021-01-01 09:42:35,544181479987.5
2021-01-01 12:04:07,546591664634.37494
2021-01-01 15:06:45,546641257949.99994
2021-01-01 17:24:19,546300511015.62506
2021-01-01 20:25:58,543162301893.75006
2021-01-01 23:49:04,545619188812.5
2021-01-02 03:24:40,547453223775
2021-01-02 05:24:02,548079053981.2501
2021-01-02 08:02:33,555257229603.125
2021-01-02 10:05:12,551989048246.875
2021-01-02 13:07:26,571091797237.5
2021-01-02 16:37:53,602082122312.5
2021-01-02 18:53:05,610822217500
2021-01-02 21:14:33,573462359062.5
2021-01-03 00:19:25,596720272587.5
2021-01-03 03:24:09,605897327059.375
2021-01-03 05:43:46,632650433175
2021-01-03 08:04:17,641513930035.5347
2021-01-03 11:15:55,634126217031.25
2021-01-03 14:09:05,631174131853.125
2021-01-03 16:22:04,626167875900
2021-01-03 18:07:38,612339069378.7408
2021-01-03 20:52:04,625013178281.25
2021-01-03 22:41:34,624254569021.875
2021-01-04 01:12:46,611273091800
2021-01-04 03:39:54,620627775968.75
2021-01-04 07:02:48,619599571187.5
2021-01-04 08:46:42,592284767625.0001
2021-01-04 10:47:59,552542011175
2021-01-04 13:28:43,575383529284.375
2021-01-04 15:53:53,591848749800
2021-01-04 18:52:29,582278140162.4999
2021-01-04 20:53:34,583805911056.25
2021-01-04 23:12:56,583614043437.4999
2021-01-05 01:50:10,605861487956.25
2021-01-05 04:37:52,582152018431.25
2021-01-05 06:47:45,575620540887.5
2021-01-05 10:20:22,586443967200.0001
2021-01-05 13:26:26,592733870661.196
2021-01-05 15:43:05,599018532750
2021-01-05 17:50:17,604236905184.375
2021-01-05 20:39:00,630668495450
2021-01-05 22:59:44,642970596034.375
2021-01-06 00:40:25,627143235750
2021-01-06 03:25:49,632008639215.6249
2021-01-06 06:00:14,654062540925
2021-01-06 08:17:41,647011471245.7201
2021-01-06 10:13:35,632047363187.5
2021-01-06 12:36:21,651377846421.875
2021-01-06 15:00:17,637725322500
2021-01-06 17:10:58,644338665059.375
2021-01-06 19:32:12,664134369500
2021-01-06 22:11:38,668591162803.125
2021-01-07 00:05:38,685765619000
2021-01-07 01:55:46,687656738103.125
2021-01-07 05:13:20,699569855468.75
2021-01-07 07:53:20,691482215164.2858
2021-01-07 10:33:31,691824389950
2021-01-07 12:43:15,707485816150.9124
2021-01-07 15:02:49,716292235003.125
2021-01-07 17:33:42,739231718750
2021-01-07 20:01:19,727029076303.125
2021-01-07 22:13:58,739800721680.4916
2021-01-08 00:53:10,730189079812.5
2021-01-08 03:04:13,691907845925
2021-01-08 06:32:56,717830006418.2189
2021-01-08 10:15:35,737453408250
2021-01-08 13:31:19,770414721159.3171
2021-01-08 15:19:44,766636763400
2021-01-08 17:14:35,769458241978.125
2021-01-08 20:49:27,729200220890.625
2021-01-08 23:25:54,755716092918.75
2021-01-09 01:45:53,744247280600
2021-01-09 04:18:07,743721571909.375
2021-01-09 07:55:06,736138964531.25
2021-01-09 10:53:23,753530070375
2021-01-09 13:41:40,761948819843.75
2021-01-09 16:23:53,753008707875
2021-01-09 19:52:43,758842752515.625
2021-01-09 22:28:20,758903130703.125
2021-01-10 01:02:04,757689436187.5
2021-01-10 04:25:13,758140069193.75
2021-01-10 06:32:34,759092802000
2021-01-10 08:44:16,758725215000
2021-01-10 11:23:25,748650348625
2021-01-10 14:10:38,741476408400
2021-01-10 17:17:30,725878160325
2021-01-10 19:03:15,708987268090.625
2021-01-10 21:52:38,703895812743.75
2021-01-11 00:39:48,699799230312.5
2021-01-11 03:24:05,663911115000
2021-01-11 05:51:54,648820627106.0647
2021-01-11 07:50:05,640923309818.75
2021-01-11 10:09:57,664657086490.625
2021-01-11 12:56:27,644594316187.5
2021-01-11 16:33:47,578141715096.3596
2021-01-11 19:55:07,597001156337.5
2021-01-11 22:08:11,631475392434.375
2021-01-12 00:13:03,658191483995.4143
2021-01-12 02:24:57,628116386734.375
2021-01-12 04:50:32,646857472762.5
2021-01-12 07:14:22,670304096928.125
2021-01-12 10:12:34,669461707100
2021-01-12 13:48:58,631543746487.5
2021-01-12 16:00:33,629017966068.75
2021-01-12 20:04:48,645509174125
2021-01-12 22:35:50,640184346781.25
2021-01-13 01:19:39,615600439987.5
2021-01-13 04:15:07,626065820428.1251
2021-01-13 06:48:35,631907844858.7216
2021-01-13 09:17:16,646876045875
2021-01-13 11:49:02,644034065562.5
2021-01-13 14:29:08,644047044328.125
2021-01-13 17:08:48,646868532600
2021-01-13 18:52:35,665006746462.5
2021-01-13 22:08:23,694460093084.4095
2021-01-14 01:13:27,702967070296.875
2021-01-14 03:24:57,696089150712.5
2021-01-14 05:46:55,699645713934.375
2021-01-14 08:26:09,720053951718.75
2021-01-14 11:21:24,714998825821.875
2021-01-14 14:43:17,731575732875
2021-01-14 18:01:15,733886356021.8749
2021-01-14 20:55:05,739824095706.25
2021-01-14 23:58:35,724687945790.625
2021-01-15 02:40:30,733322804343.75
2021-01-15 05:29:29,720483145112.5
2021-01-15 07:19:50,711270514650
2021-01-15 11:08:36,714836670187.5
2021-01-15 14:15:53,697169696500
2021-01-15 16:28:18,656855537109.375
2021-01-15 19:48:00,661388711700
2021-01-15 21:28:10,663708367715.625
2021-01-15 23:15:03,678574787231.25
2021-01-16 01:34:59,694641182556.25
2021-01-16 03:44:28,678163999750
2021-01-16 07:34:33,683023187275
2021-01-16 10:31:44,701945290781.25
2021-01-16 13:09:04,696238463100
2021-01-16 16:25:22,695805932930.9043
2021-01-16 19:09:23,679662477243.75
2021-01-16 21:28:16,679229431200
2021-01-17 01:35:27,678349691659.375
2021-01-17 06:28:16,663359860443.75
2021-01-17 09:02:24,645123683531.25
2021-01-17 11:49:56,656065829275
2021-01-17 14:20:55,648488881909.375
2021-01-17 17:37:03,667476985500
2021-01-17 20:34:55,663211376259.375
2021-01-17 22:45:06,677688885594.6459
2021-01-18 01:00:04,669553394793.75
2021-01-18 03:22:08,666292311168.75
2021-01-18 06:30:20,655859514496.875
2021-01-18 09:22:57,680671260900
2021-01-18 12:19:59,694386368437.5
2021-01-18 14:51:01,677767755153.125
2021-01-18 18:00:49,664246518000
2021-01-18 21:48:58,673784916056.25
2021-01-19 00:07:48,682486233456.25
2021-01-19 03:12:45,686750520178.1251
2021-01-19 05:18:32,678866166037.5
2021-01-19 08:01:10,693037393593.75
2021-01-19 10:58:13,687422304570.45
2021-01-19 13:55:52,688868544459.375
2021-01-19 17:05:37,696463257325
2021-01-19 18:42:39,688681060550
2021-01-19 21:44:22,680591791312.5
2021-01-20 00:47:51,675460878375
2021-01-20 03:48:59,656822243968.75
2021-01-20 07:13:27,655932936312.5
2021-01-20 09:06:00,660141523743.75
2021-01-20 11:58:28,641465271200
2021-01-20 15:24:58,650836907478.1249
2021-01-20 18:38:44,649901030625
2021-01-20 21:00:28,650658281646.875
2021-01-21 00:32:22,657006651787.5
2021-01-21 04:46:00,643437230887.5
2021-01-21 08:25:53,639133561243.75
2021-01-21 11:33:57,603208361203.125
2021-01-21 14:48:58,579935136824.9999
2021-01-21 17:13:24,576998612590.625
2021-01-21 19:16:12,593775813700
2021-01-21 22:43:12,561161538731.25
2021-01-22 01:32:11,547488690000
2021-01-22 04:08:45,574844078737.5
2021-01-22 06:33:34,593798679843.75
2021-01-22 08:37:53,575092537231.25
2021-01-22 12:06:01,590297985200
2021-01-22 15:05:29,605029117921.875
2021-01-22 17:50:07,598752537225
2021-01-22 20:43:18,628946817559.375
2021-01-23 01:20:01,601745914912.5
2021-01-23 04:10:15,602875124668.75
2021-01-23 06:39:09,617271806718.75
2021-01-23 09:14:11,613823539181.25
2021-01-23 13:04:05,588436223375
2021-01-23 15:54:39,595185076156.2501
2021-01-23 17:48:14,601403667637.5
2021-01-23 20:15:37,599685818171.875
2021-01-23 22:02:57,602499137062.5
2021-01-23 23:57:17,595961625712.5
2021-01-24 03:06:30,597639819350
2021-01-24 05:56:36,611283550793.75
2021-01-24 08:52:29,607974843193.7499
2021-01-24 11:18:43,610784100423.2178
2021-01-24 15:25:44,598863268593.75
2021-01-24 18:21:09,593749123450
2021-01-24 20:44:30,585285222243.75
2021-01-24 23:26:25,597980268487.5001
2021-01-25 02:28:58,609996207659.375
2021-01-25 05:27:01,620123394375
2021-01-25 08:16:13,619587249059.375
2021-01-25 12:34:36,625406399775
2021-01-25 15:31:06,640428510974.9999
2021-01-25 17:14:38,631331788725
2021-01-25 20:31:37,620867106431.25
2021-01-25 23:06:38,603469932934.375
2021-01-26 01:26:32,602663821500
2021-01-26 03:51:01,587862524921.875
2021-01-26 05:56:21,597524840881.2499
2021-01-26 08:25:05,588176513300
2021-01-26 10:43:58,601151690306.2499
2021-01-26 14:11:13,590314192943.7499
2021-01-26 17:05:53,595296043987.5
2021-01-26 19:56:14,599877810000
2021-01-26 21:48:37,598429548862.5
2021-01-27 01:30:03,598730748625.0001
2021-01-27 05:05:16,593709043124.9999
2021-01-27 08:27:19,588587766474.2118
2021-01-27 10:50:30,582530141343.75
2021-01-27 13:50:40,569737794206.25
2021-01-27 15:22:43,553902239996.875
2021-01-27 18:43:10,560289352350
2021-01-27 21:44:12,581370874425.0001
2021-01-27 23:53:03,560956486437.5
2021-01-28 03:45:22,581405430703.125
2021-01-28 06:01:23,591589800862.5
2021-01-28 08:57:01,581263167621.8749
2021-01-28 12:21:03,587585510137.5
2021-01-28 14:22:22,595089840375
2021-01-28 16:10:39,594674446025
2021-01-28 18:30:10,599740591959.3751
2021-01-28 21:45:25,612754821834.375
2021-01-29 00:34:21,637541895300
2021-01-29 04:30:32,616121532756.25
2021-01-29 07:29:16,604212417737.5
2021-01-29 10:03:02,690461953359.375
2021-01-29 12:32:17,693648837350
2021-01-29 14:55:41,686384105468.75
2021-01-29 17:25:04,672055310812.5
2021-01-29 19:21:14,653901171678.125
2021-01-29 22:47:22,647389960437.5001
2021-01-30 00:57:17,640506390196.875
2021-01-30 03:42:53,620788155625
2021-01-30 05:57:02,627874494909.375
2021-01-30 09:10:57,631117010475
2021-01-30 11:53:40,629566289031.25
2021-01-30 16:12:43,637574230387.5
2021-01-30 20:43:58,640900623628.125
2021-01-30 23:08:57,643305613537.5
2021-01-31 01:58:07,635435106009.375
2021-01-31 04:51:44,631054856250
2021-01-31 07:45:21,627735628190.625
2021-01-31 10:10:13,619902127700
2021-01-31 12:51:24,635710230684.375
2021-01-31 16:08:16,611895182875
2021-01-31 18:11:15,601185329171.875
2021-01-31 20:53:32,612469950412.5
2021-02-01 00:03:39,616205940306.25
2021-02-01 03:46:26,626746134512.5
2021-02-01 07:06:04,624590238956.25
2021-02-01 10:09:19,640380383750
2021-02-01 13:56:50,632164917359.375
2021-02-01 17:09:02,622562430693.75
2021-02-01 19:57:07,631800014062.5
2021-02-02 00:04:38,624598964278.125
2021-02-02 03:05:07,627050636575
2021-02-02 06:02:56,633483104480.2452
2021-02-02 09:21:56,658576375000
2021-02-02 11:33:00,651598718750
2021-02-02 13:49:13,650113060500
2021-02-02 16:15:01,647268320981.2499
2021-02-02 19:29:38,657278880912.5
2021-02-02 21:40:37,665027748268.75
2021-02-03 00:21:12,663281485059.375
2021-02-03 02:24:43,669103317250
2021-02-03 04:34:36,684867151084.375
2021-02-03 07:04:05,682283162756.25
2021-02-03 09:53:16,668332813918.75
2021-02-03 13:19:41,677180261100
2021-02-03 15:51:35,686632903359.375
2021-02-03 19:04:17,691486911750
2021-02-03 22:09:51,694879423737.5
2021-02-04 00:54:18,706836530400
2021-02-04 02:54:19,706058578412.5
2021-02-04 06:09:26,701668567875
2021-02-04 08:51:01,714854766487.4999
2021-02-04 10:55:52,703352288400
2021-02-04 13:25:08,699315950618.75
2021-02-04 16:55:51,684796936012.5
2021-02-04 19:34:03,693589174031.25
2021-02-04 22:12:45,702148769225
2021-02-04 23:50:23,691120688887.5
2021-02-05 02:28:57,685948366500
2021-02-05 04:08:04,696556239053.125
2021-02-05 05:51:08,693851022000
2021-02-05 09:13:43,704030801053.125
2021-02-05 12:24:25,701986608793.75
2021-02-05 14:09:22,714745687100
2021-02-05 16:03:24,708252258694.2433
2021-02-05 19:27:17,695807574300
2021-02-05 21:53:28,704712152612.5
2021-02-06 00:08:36,714315105937.5
2021-02-06 02:53:25,735826126440.625
2021-02-06 05:36:25,729201551671.875
2021-02-06 08:17:29,738143768475
2021-02-06 10:33:48,741807266812.5
2021-02-06 13:24:01,748273045050
2021-02-06 17:11:51,758258318000
2021-02-06 19:29:25,753141764656.25
2021-02-06 21:35:36,750101448731.25
2021-02-06 23:38:13,734482211484.375
2021-02-07 01:31:59,732996666250
2021-02-07 05:41:54,715105292709.375
2021-02-07 08:25:14,734755490556.25
2021-02-07 10:32:14,735029702081.25
2021-02-07 13:33:12,727454691000
2021-02-07 15:57:46,709507010625
2021-02-07 17:42:29,709157234337.5001
2021-02-07 20:03:27,709794443531.25
2021-02-07 23:31:22,727489915750
2021-02-08 01:01:59,722428703906.2501
2021-02-08 03:39:58,715300307625
2021-02-08 06:18:31,727036796000
2021-02-08 08:40:27,731501146512.5
2021-02-08 12:00:29,736058387575.3444
2021-02-08 14:25:26,813823982156.2501
2021-02-08 16:04:31,817665023740.6251
2021-02-08 19:21:06,800983391109.375
2021-02-08 21:26:28,820887459462.4999
2021-02-09 00:16:21,873066228187.5
2021-02-09 04:11:00,868488697899.6174
2021-02-09 06:44:56,878624744539.7333
2021-02-09 09:55:00,859169085046.875
2021-02-09 12:22:13,870944386225
2021-02-09 15:30:09,876983581578.1251
2021-02-09 17:56:08,863830543275
2021-02-09 20:54:58,882043051726.2344
2021-02-09 23:46:50,866774045134.375
2021-02-10 01:44:12,861098490768.75
2021-02-10 04:38:50,856111985259.375
2021-02-10 07:45:04,876855878250
2021-02-10 09:52:50,872763399750.0001
2021-02-10 13:33:55,849328792528.125
2021-02-10 16:02:55,826964862562.5
2021-02-10 19:19:47,834643175390.625
2021-02-10 20:40:45,837283421975
2021-02-11 02:19:11,832426957518.75
2021-02-11 05:00:08,834257289993.75
2021-02-11 08:11:16,834429680000
2021-02-11 11:34:40,863267130025
2021-02-11 15:41:43,893455284937.5
2021-02-11 17:36:11,882722503400.0001
2021-02-11 21:21:13,880836990918.75
2021-02-12 00:05:34,895584948400
2021-02-12 02:48:55,894537970968.75
2021-02-12 05:51:35,884531373600
2021-02-12 08:35:44,887935760012.5
2021-02-12 11:42:28,892346023293.75
2021-02-12 13:58:02,893459404293.75
2021-02-12 17:54:36,890214415200
2021-02-12 20:25:14,883476534937.5001
2021-02-12 23:13:59,895011726062.5
2021-02-13 02:04:17,889848090512.5
2021-02-13 04:34:54,892088439984.3749
2021-02-13 07:40:44,888526383750
2021-02-13 10:47:14,876805444559.375
2021-02-13 13:05:59,874388857799.9999
2021-02-13 15:21:28,878939005553.125
2021-02-13 17:33:36,877071923750
2021-02-13 21:07:11,875353843940.625
2021-02-13 23:05:54,878041272387.5
2021-02-14 01:22:28,886848072550
2021-02-14 03:52:25,886359482606.25
2021-02-14 05:52:33,896246874500
2021-02-14 08:25:58,912794050000
2021-02-14 11:57:18,914867025993.7501
2021-02-14 14:30:46,913260864731.25
2021-02-14 17:39:51,912343949531.25
2021-02-14 19:57:34,907617418875
2021-02-14 22:56:46,917020916521.875
2021-02-15 02:03:32,896068423293.75
2021-02-15 05:17:29,874407781640.625
2021-02-15 08:02:14,881305609750
2021-02-15 10:43:41,887421081421.875
2021-02-15 13:05:20,894962080750
2021-02-15 16:49:20,903145590375
2021-02-15 18:48:14,905023029259.3751
2021-02-15 20:23:47,906919119337.5
2021-02-16 00:21:13,888620371959.375
2021-02-16 04:20:57,925512938925
2021-02-16 08:46:06,915718755078.1249
2021-02-16 12:36:52,933143272968.75
2021-02-16 16:11:14,913083687621.875
2021-02-16 18:26:49,891021393071.8256
2021-02-16 21:29:11,906256679034.375
2021-02-16 23:54:52,916424887437.5001
2021-02-17 03:32:00,920724511728.125
2021-02-17 06:49:19,936379718550
2021-02-17 09:29:43,959664500931.25
2021-02-17 12:11:53,956772835768.7501
2021-02-17 16:08:17,954672964359.375
2021-02-17 19:29:02,960770851937.5
2021-02-17 20:47:24,978150140625
2021-02-17 23:42:50,977177563031.25
2021-02-18 01:44:42,973922571827.5708
2021-02-18 03:44:39,971776184750
2021-02-18 07:19:45,968018091468.75
2021-02-18 10:25:36,969001789718.75
2021-02-18 13:47:21,965765659512.5
2021-02-18 17:33:47,969162548906.25
2021-02-18 20:38:45,970435071528.1249
2021-02-18 23:36:30,963201918000
2021-02-19 02:43:23,950267135003.125
2021-02-19 05:27:33,956700805118.75
2021-02-19 07:48:51,966572285156.25
2021-02-19 09:54:13,983822476412.5
2021-02-19 12:19:24,983297047925.0001
2021-02-19 15:28:45,989647204218.75
2021-02-19 18:57:23,1021273292365.625
2021-02-19 21:01:39,1032487015749.9999
2021-02-19 23:17:54,1039964879025
2021-02-20 02:24:13,1049166422793.75
2021-02-20 05:23:26,1041616493125
2021-02-20 07:14:15,1044156612300
2021-02-20 10:39:14,1035879850359.3751
2021-02-20 13:15:42,1064106779575
2021-02-20 16:21:22,1055243066062.5
2021-02-20 19:43:51,1062898381050
2021-02-20 21:53:29,1060854678915.6251
2021-02-21 01:07:25,1041378554062.5001
2021-02-21 03:34:56,1056189537540.625
2021-02-21 06:33:49,1054611625112.5
2021-02-21 09:23:14,1052865982940.6249
2021-02-21 12:07:53,1070146387781.25
2021-02-21 14:38:23,1068820456600
2021-02-21 17:35:01,1074994721193.75
2021-02-21 20:07:10,1084085443406.25
2021-02-22 00:24:31,1058039658534.375
2021-02-22 03:09:47,1060533500250
2021-02-22 06:20:29,1050262134178.125
2021-02-22 08:36:59,1048329872436.4337
2021-02-22 10:52:39,1022544346859.375
2021-02-22 13:29:35,998507378995.3507
2021-02-22 17:29:56,977038050074.9999
2021-02-22 21:11:32,1003171169874.9999
2021-02-23 00:35:18,993830925909.375
2021-02-23 03:13:54,954672775375
2021-02-23 07:24:06,927525540375
2021-02-23 11:21:03,893519501093.75
2021-02-23 15:18:14,893328912525
2021-02-23 17:50:24,881714112743.75
2021-02-23 20:59:30,880796624743.75
2021-02-23 23:34:55,902308477415.625
2021-02-24 02:18:54,937565270625
2021-02-24 04:50:02,939322491981.25
2021-02-24 07:45:07,934463567250
2021-02-24 09:18:42,943004729362.5
2021-02-24 11:04:00,934250574400
2021-02-24 14:47:11,909850217015.625
2021-02-24 17:03:52,919752231553.1251
2021-02-24 20:45:00,906990701812.5
2021-02-24 22:51:03,905439621856.25
2021-02-25 01:22:26,947454469312.5
2021-02-25 03:06:56,944365971868.75
2021-02-25 05:39:03,926562698675
2021-02-25 07:56:36,941264166937.5
2021-02-25 10:36:28,915343709637.5
2021-02-25 13:24:08,966399419687.5
2021-02-25 16:29:30,952240007062.5
2021-02-25 20:19:21,911436248043.75
2021-02-25 22:33:45,906726158250
2021-02-26 02:12:55,866061451809.375
2021-02-26 05:12:10,876370120415.7338
2021-02-26 08:29:19,846211451250
2021-02-26 11:20:31,864724926125
2021-02-26 13:22:22,866770851203.125
2021-02-26 15:39:23,864082407825
2021-02-26 18:44:14,884003579009.375
2021-02-26 21:52:58,866608598150
2021-02-27 00:20:25,870406708078.125
2021-02-27 02:47:30,886124989368.75
2021-02-27 05:43:29,887267072434.375
2021-02-27 08:23:23,878949381150
2021-02-27 09:39:36,868562545965.625
2021-02-27 12:17:24,883535567406.25
2021-02-27 15:21:00,880371753665.625
2021-02-27 17:35:44,876658012000
2021-02-27 20:01:26,884137851943.75
2021-02-28 00:14:37,860665040043.7501
2021-02-28 03:00:38,846269990531.25
2021-02-28 07:05:27,827977469502.4136
2021-02-28 10:40:06,846121189903.125
2021-02-28 13:23:04,833813607375
2021-02-28 15:55:26,807832605550
2021-02-28 19:07:04,814482815625
2021-02-28 22:15:57,844928792709.375
2021-03-01 01:04:21,862670960112.5002
2021-03-01 04:15:44,864782374312.5
2021-03-01 08:11:28,864078919600.0001
2021-03-01 11:08:22,888961301578.1251
2021-03-01 14:37:22,899918477175
2021-03-01 17:19:46,913420409762.5
2021-03-01 21:11:24,905763712700
2021-03-01 22:29:53,908061866437.5
2021-03-02 02:29:25,922654651406.2501
2021-03-02 04:57:05,914587742665.625
2021-03-02 07:43:02,907490153212.5
2021-03-02 10:19:41,914532918600.0001
2021-03-02 13:09:42,911098545731.25
2021-03-02 16:40:45,907995190360.7026
2021-03-02 19:18:00,882352476356.25
2021-03-02 21:10:43,886757267812.4999
2021-03-03 00:38:42,907912996540.625
2021-03-03 02:38:38,908216767734.375
2021-03-03 04:12:32,908333804081.25
2021-03-03 08:32:06,946026803356.25
2021-03-03 10:59:52,959921676799.9999
2021-03-03 13:36:27,966890571684.375
2021-03-03 16:30:25,959680926531.25
2021-03-03 19:20:39,947483950875
2021-03-03 21:50:26,953147812087.5001
2021-03-04 02:00:42,960135471112.5001
2021-03-04 04:35:17,926413517137.5
2021-03-04 06:36:31,926642839350
2021-03-04 10:04:51,914687701396.875
2021-03-04 13:25:20,915149705750
2021-03-04 17:28:15,918697407987.5
2021-03-04 20:25:50,890288006250
2021-03-04 23:55:22,904286063065.625
2021-03-05 02:26:19,870898043631.25
2021-03-05 05:35:20,873168385406.25
2021-03-05 07:42:36,880081407800
2021-03-05 10:42:15,877532016003.125
2021-03-05 12:22:09,884277333225
2021-03-05 15:22:25,901193857743.7499
2021-03-05 18:10:36,896397744687.5
2021-03-05 22:04:39,914983323899.9999
2021-03-06 00:27:22,915044475312.4999
2021-03-06 03:45:52,905353798781.25
2021-03-06 05:54:59,908454202050
2021-03-06 08:59:12,908375470953.125
2021-03-06 10:26:25,901006050262.5
2021-03-06 12:32:34,888145189931.25
2021-03-06 15:45:19,888720255130.0496
2021-03-06 18:40:18,900536641468.75
2021-03-06 21:14:26,904961037750
2021-03-07 01:08:47,917627367231.25
2021-03-07 04:22:42,924242921950
2021-03-07 06:54:10,922439428678.125
2021-03-07 10:17:28,950154293881.25
2021-03-07 12:31:20,942971204968.75
2021-03-07 15:17:52,945018460012.5
2021-03-07 17:59:48,951942041596.875
2021-03-07 20:45:54,933076157656.25
2021-03-07 23:20:10,950032182309.375
2021-03-08 01:52:34,962195928375
2021-03-08 04:38:49,941278516003.125
2021-03-08 06:49:06,939577590562.5
2021-03-08 10:13:52,930566602728.125
2021-03-08 12:12:29,941891346987.5001
2021-03-08 14:07:39,952022730234.3751
2021-03-08 17:22:33,947683080168.75
2021-03-08 19:56:53,959185276031.25
2021-03-08 23:08:07,963507891900
2021-03-09 00:54:32,973574358487.5
2021-03-09 04:45:18,1006793440437.5
2021-03-09 06:54:01,1009400700721.875
2021-03-09 10:09:53,1009807405700
2021-03-09 13:20:18,1005076279587.5
2021-03-09 15:45:18,1012905360956.25
2021-03-09 19:04:25,1005227602140.625
2021-03-09 21:50:22,1011089256475
2021-03-10 01:25:50,1036952626612.5
2021-03-10 04:29:00,999631234831.25
2021-03-10 06:15:12,1001697729331.25
2021-03-10 08:51:32,1017723678750
2021-03-10 11:57:06,1022764971750
2021-03-10 14:06:23,1051156231675
2021-03-10 16:52:40,1055908694446.875
2021-03-10 20:13:11,1059376285382.663
2021-03-10 23:00:38,1063063831046.8749
2021-03-11 02:07:52,1041444618000
2021-03-11 05:47:52,1032675434878.125
2021-03-11 08:31:34,1020008150250.0001
2021-03-11 12:01:25,1048838820759.375
2021-03-11 14:37:40,1063746894843.75
2021-03-11 17:32:48,1053047255646.875
2021-03-11 20:18:17,1061623458000
2021-03-11 22:48:24,1077790819290.625
2021-03-12 01:54:47,1062558795943.7499
2021-03-12 04:45:18,1064886956812.5
2021-03-12 06:35:13,1066832786850
2021-03-12 09:56:34,1053456282840.625
2021-03-12 13:07:25,1051970140893.7499
2021-03-12 15:33:58,1049103741809.375
2021-03-12 18:15:29,1074634980000
2021-03-12 20:28:45,1057574424374.9999
2021-03-12 23:22:38,1068771776249.9999
2021-03-13 02:32:41,1052307866918.75
2021-03-13 05:23:38,1064120846250
2021-03-13 07:00:37,1062746620500
2021-03-13 10:17:08,1107780141125
2021-03-13 12:59:43,1123893095540.625
2021-03-13 18:37:45,1122659082950
2021-03-13 20:44:25,1144023112725.0002
2021-03-13 23:18:17,1144439996625.0002
2021-03-14 01:09:47,1143663082400
2021-03-14 04:10:10,1143996029112.4998
2021-03-14 06:15:15,1135720444096.875
2021-03-14 08:34:54,1133022157493.75
2021-03-14 11:22:01,1120008402734.375
2021-03-14 13:58:39,1118630501568.7292
2021-03-14 16:37:25,1115880016778.125
2021-03-14 18:58:38,1122527165556.25
2021-03-14 22:13:45,1121377010146.875
2021-03-15 00:56:34,1115507347937.5
2021-03-15 03:22:25,1124094648009.375
2021-03-15 07:16:03,1083350650312.4999
2021-03-15 09:11:53,1077853759875
2021-03-15 12:12:52,1047107873325
2021-03-15 13:54:27,1058847616078.125
2021-03-15 16:28:12,1055878212262.5
2021-03-15 20:10:01,1056005482765.625
2021-03-15 22:40:45,1049165121487.5
2021-03-16 01:18:16,998932963234.375
2021-03-16 03:51:48,1009254971343.7501
2021-03-16 06:29:34,1008038797781.25
2021-03-16 09:44:59,1041913417700
2021-03-16 12:29:30,1030968569646.875
2021-03-16 15:29:30,1040153002743.75
2021-03-16 17:59:12,1028303217500
2021-03-16 20:18:25,1046918259437.5001
2021-03-16 23:20:54,1051933339462.5
2021-03-17 02:29:05,1047909626375.0001
2021-03-17 05:43:34,1038027838250
2021-03-17 08:27:35,1040216879731.25
2021-03-17 10:58:37,1028040199200
2021-03-17 13:56:59,1025937873031.25
2021-03-17 17:05:39,1032744037412.5
2021-03-17 20:27:57,1083113629968.7501
2021-03-17 23:42:33,1093567599312.5
2021-03-18 02:22:46,1106353799375
2021-03-18 05:10:37,1098524159999.9999
2021-03-18 08:14:09,1090106732528.1251
2021-03-18 11:04:43,1092408143640.625
2021-03-18 13:46:04,1084363729000
2021-03-18 17:43:17,1108699194600
2021-03-18 20:00:39,1068004090343.75
2021-03-18 21:55:30,1076555373196.875
2021-03-19 00:07:58,1075059555000
2021-03-19 03:27:22,1073824929684.3749
2021-03-19 06:01:55,1088683147578.125
2021-03-19 09:12:59,1088008327475
2021-03-19 12:28:15,1098164573831.2499
2021-03-19 15:01:09,1096366107327.8057
2021-03-19 17:07:20,1098699515968.75
2021-03-19 20:03:45,1098500529000
2021-03-19 22:06:45,1095073600812.5
2021-03-20 00:51:07,1090580499780.0945
2021-03-20 03:48:16,1088788721109.3751
2021-03-20 06:48:05,1088953521925
2021-03-20 09:03:07,1096162108843.75
2021-03-20 12:09:28,1107233219250
2021-03-20 14:27:55,1101230516668.0652
2021-03-20 17:31:27,1105734421650.0002
2021-03-20 19:50:37,1109687192915.6248
2021-03-20 22:38:07,1095148382687.5
2021-03-21 00:43:24,1091525313034.375
2021-03-21 04:18:40,1077900562650
2021-03-21 07:20:21,1069033926753.125
2021-03-21 10:21:34,1047235818475
2021-03-21 12:38:53,1045347781921.875
2021-03-21 14:32:39,1067204828300
2021-03-21 17:12:51,1067826695003.1251
2021-03-21 19:34:02,1072768454212.5
2021-03-21 22:01:27,1084643015625.0001
2021-03-22 00:42:46,1066464406253.125
2021-03-22 03:47:20,1071117002131.25
2021-03-22 06:59:47,1079567132625
2021-03-22 09:21:21,1068386039875
2021-03-22 11:33:43,1077731981606.25
2021-03-22 14:12:03,1063872874125
2021-03-22 16:41:29,1059204283615.625
2021-03-22 18:59:52,1054013121375
2021-03-22 21:41:53,1017069389606.2501
2021-03-23 00:24:05,1018381491462.5
2021-03-23 02:51:13,1024704959334.375
2021-03-23 06:05:43,998071056125
2021-03-23 08:39:14,1005578829925.0001
2021-03-23 11:03:47,1019497094737.5
2021-03-23 13:17:36,1029627105325
2021-03-23 16:58:46,1035362274262.5
2021-03-23 19:15:27,1035312181875
2021-03-23 20:57:38,1024036625175
2021-03-23 23:54:43,1016754727056.25
2021-03-24 02:43:30,1017864219920.486
2021-03-24 05:53:19,1009478493071.875
2021-03-24 07:26:39,1034912407375
2021-03-24 09:39:11,1054785042796.8749
2021-03-24 12:04:23,1056601367268.75
2021-03-24 14:53:21,1059089587328.125
2021-03-24 18:14:28,1048625505450
2021-03-24 21:08:57,1008734054228.7507
2021-03-25 00:11:50,975065878806.25
2021-03-25 03:01:37,973848962756.25
2021-03-25 06:36:11,989327066100
2021-03-25 08:39:17,976482646081.25
2021-03-25 10:50:03,986202787750
2021-03-25 13:33:01,953238357675
2021-03-25 16:01:12,951078742109.3751
2021-03-25 18:02:49,963822515500
2021-03-25 20:53:33,972861882499.9999
2021-03-26 00:33:25,967828010737.5
2021-03-26 03:47:41,980824073125
2021-03-26 06:40:47,982248173287.5
2021-03-26 09:36:19,1000227967200
2021-03-26 13:02:54,989398682953.125
2021-03-26 16:36:06,1002143186137.5
2021-03-26 19:26:13,1001607602362.5
2021-03-26 21:50:07,1016564149174.9999
2021-03-27 00:21:42,1036616501631.25
2021-03-27 02:46:53,1023603259781.25
2021-03-27 05:32:52,1023982397353.125
2021-03-27 07:24:38,1027086724075
2021-03-27 09:52:03,1025169997640.625
2021-03-27 11:58:48,1019436940692.4014
2021-03-27 15:12:40,1020282193500
2021-03-27 18:10:56,1047577811912.4999
2021-03-27 20:40:42,1043066557500
2021-03-27 23:44:54,1048065728328.125
2021-03-28 01:47:39,1047821143766.4683
2021-03-28 04:27:20,1049057651250
2021-03-28 06:12:42,1050594284725.0001
2021-03-28 08:51:35,1048098924375
2021-03-28 11:54:27,1044296857800
2021-03-28 14:39:58,1038646721681.25
2021-03-28 17:36:44,1046287451875
2021-03-28 20:00:10,1031135686462.5
2021-03-28 21:56:36,1028406803375
2021-03-29 01:13:48,1034432879237.4999
2021-03-29 03:36:11,1036212175912.5001
2021-03-29 06:36:12,1032213880246.875
2021-03-29 09:05:48,1067632692209.375
2021-03-29 12:18:08,1088192002843.75
2021-03-29 15:36:22,1074411956887.5
2021-03-29 18:28:32,1078749048000
2021-03-29 21:29:00,1071726645759.375
2021-03-29 23:36:11,1074803666475
2021-03-30 02:05:08,1071963223987.5
2021-03-30 05:38:04,1073210775700
2021-03-30 07:55:54,1086956927400.0001
2021-03-30 10:07:37,1100423205843.7498
2021-03-30 13:02:54,1105918081250
2021-03-30 16:08:00,1095311130615.625
2021-03-30 18:50:21,1100535339375
2021-03-30 20:59:34,1096742447321.875
2021-03-31 00:15:11,1099801099250.0002
2021-03-31 03:07:35,1095980155781.25
2021-03-31 05:41:03,1095528993193.75
2021-03-31 08:25:23,1079420336492.6937
2021-03-31 11:11:31,1078850840399.9999
2021-03-31 14:52:33,1097255975724.9999
2021-03-31 16:14:08,1108996197406.25
2021-03-31 18:53:03,1109646620906.25
2021-03-31 21:40:09,1102362291112.5
2021-03-31 23:47:15,1099857431937.5
2021-04-01 01:49:41,1103411036250
2021-04-01 04:56:51,1104556206593.7502
2021-04-01 08:05:16,1100286959400
2021-04-01 10:03:17,1099621080900
2021-04-01 12:28:56,1095370427550
2021-04-01 15:31:34,1103806513115.625
2021-04-01 17:55:09,1094384002687.5
2021-04-01 21:35:51,1097330910025
2021-04-02 01:03:48,1095675427762.5
2021-04-02 04:34:47,1114716944859.3748
2021-04-02 06:56:50,1112053292350
2021-04-02 09:04:47,1112386370156.2502
2021-04-02 11:33:53,1111944583912.5
2021-04-02 14:32:10,1105733262375
2021-04-02 17:34:11,1104516556512.5002
2021-04-02 22:01:10,1097642271862.5
2021-04-03 00:11:36,1102017751250
2021-04-03 03:35:26,1107140162112.5
2021-04-03 06:32:06,1109779235249.9998
2021-04-03 08:39:30,1112437010606.25
2021-04-03 11:29:57,1110996232568.75
2021-04-03 16:54:25,1101937439650
2021-04-03 20:24:54,1093494366871.8749
2021-04-03 22:22:18,1075546800000
2021-04-04 00:45:28,1067710346624.9999
2021-04-04 02:48:54,1071348301050
2021-04-04 05:12:01,1075938620125
2021-04-04 07:50:24,1071631253262.5
2021-04-04 11:22:12,1077192633421.875
2021-04-04 14:03:41,1086124611962.5001
2021-04-04 16:43:52,1081574474715.6249
2021-04-04 19:46:56,1081589965537.5
2021-04-04 23:21:09,1087319591453.125
2021-04-05 01:04:23,1082890762500
2021-04-05 03:40:49,1078975414125
2021-04-05 06:54:26,1070811694656.25
2021-04-05 09:23:24,1068623584218.75
2021-04-05 12:03:16,1077938740612.5
2021-04-05 14:53:06,1100400696937.5
2021-04-05 17:35:51,1099557273193.75
2021-04-05 20:33:50,1103363788725
2021-04-05 22:59:16,1100764959700
2021-04-06 01:32:37,1104029958793.7502
2021-04-06 03:47:30,1100161216593.75
2021-04-06 08:07:34,1094340901290.6249
2021-04-06 11:32:22,1092423599912.5
2021-04-06 13:59:40,1094344016118.75
2021-04-06 16:54:50,1084897574089.3734
2021-04-06 19:13:43,1086718252812.5001
2021-04-06 21:45:33,1082317029300
2021-04-07 00:43:15,1086095649275.0001
2021-04-07 03:48:55,1084215586437.4999
2021-04-07 06:56:10,1085491707056.25
2021-04-07 09:06:25,1079577630250
2021-04-07 11:34:30,1051457744375
2021-04-07 14:14:46,1059634514531.2499
2021-04-07 16:37:30,1054719365837.5
2021-04-07 19:03:25,1043762378100
2021-04-07 21:45:51,1052228728125
2021-04-07 23:57:05,1051086108731.25
2021-04-08 01:57:52,1056078745528.1251
2021-04-08 05:56:17,1063900962900
2021-04-08 08:08:46,1065195716681.25
2021-04-08 11:04:09,1060289741875
2021-04-08 13:32:59,1073089548656.25
2021-04-08 15:58:15,1076448201675
2021-04-08 20:28:51,1078667580206.25
2021-04-09 00:09:37,1086069952012.5
2021-04-09 02:58:10,1086841906562.5001
2021-04-09 07:38:21,1082103985200.0001
2021-04-09 09:22:38,1080569232196.875
2021-04-09 12:43:11,1093873963831.25
2021-04-09 15:16:06,1090677292600
2021-04-09 16:57:30,1086882522690.625
2021-04-09 20:08:56,1090381512468.75
2021-04-09 22:31:36,1087529947609.375
2021-04-10 00:15:06,1089058417450
2021-04-10 02:30:35,1090203996768.75
2021-04-10 04:59:16,1134739831662.5
2021-04-10 07:58:38,1133509940992.8215
2021-04-10 11:31:27,1133762767500
2021-04-10 13:53:28,1125298355353.125
2021-04-10 15:47:16,1127163313100
2021-04-10 18:46:03,1115504646215.625
2021-04-10 20:59:22,1107366871112.5002
2021-04-10 23:49:55,1116843565578.125
2021-04-11 03:20:55,1128141608062.5
2021-04-11 05:24:23,1116688155615.625
2021-04-11 09:50:49,1112874529200
2021-04-11 11:10:37,1113553328681.25
2021-04-11 14:10:53,1108927069062.5
2021-04-11 17:56:34,1117563499056.25
2021-04-11 19:48:27,1116225267343.75
2021-04-11 22:34:08,1122265300725
2021-04-12 01:50:16,1118918580259.3748
2021-04-12 03:56:08,1127088257425
2021-04-12 07:30:28,1142879653603.125
2021-04-12 09:30:50,1135936984781.25
2021-04-12 12:22:20,1127042107025
2021-04-12 15:15:10,1116269710125.0002
2021-04-12 18:51:12,1118788637621.8752
2021-04-12 21:16:20,1121466382093.75
2021-04-13 00:04:41,1118633234296.875
2021-04-13 02:52:57,1136676295200
2021-04-13 04:36:24,1130545950984.375
2021-04-13 07:45:28,1139622206737.5002
2021-04-13 10:39:19,1174366972421.875
2021-04-13 14:03:10,1175812136687.5002
2021-04-13 17:00:57,1180685414999.9998
2021-04-13 20:25:23,1182009199543.75
2021-04-13 23:20:37,1183529159478.125
2021-04-14 02:41:26,1181770436850.0002
2021-04-14 06:23:41,1211948840250
2021-04-14 09:40:11,1187827590881.25
2021-04-14 11:57:00,1209122905499.9998
2021-04-14 15:24:30,1182059271168.75
2021-04-14 17:47:17,1168143880039.3877
2021-04-14 21:17:44,1170648249028.125
2021-04-14 23:36:49,1177829101800
2021-04-15 01:31:58,1179648042078.125
2021-04-15 04:15:45,1183970526643.7502
2021-04-15 07:04:29,1177338953763.514
2021-04-15 09:46:45,1170746928175
2021-04-15 12:02:40,1166578251831.25
2021-04-15 14:20:04,1175431496643.7502
2021-04-15 17:26:49,1169543912359.3748
2021-04-15 19:10:22,1173231637321.875
2021-04-15 21:27:50,1188913996462.5
2021-04-15 23:34:11,1182811128353.125
2021-04-16 03:36:23,1181780893362.5
2021-04-16 07:37:36,1149445447500
2021-04-16 10:55:57,1127993180300
2021-04-16 13:51:38,1139742681250
2021-04-16 18:37:00,1145924360831.2502
2021-04-16 22:18:19,1154432333228.125
2021-04-17 02:39:37,1163762525812.5
2021-04-17 05:24:35,1162339761599.9998
2021-04-17 09:45:19,1155787993237.5
2021-04-17 14:34:28,1139015486056.25
2021-04-17 20:19:49,1134462810749.9998
2021-04-18 00:28:46,1127985512500
2021-04-18 02:28:41,1106420161128.125
2021-04-18 06:38:33,1051809101437.5
2021-04-18 09:53:18,1021339404006.25
2021-04-18 12:12:56,997904134218.75
2021-04-18 16:36:37,1045352800800
2021-04-18 20:15:14,1048292416431.25
2021-04-19 02:09:16,1062565426759.375
2021-04-19 07:15:00,1069588071000
2021-04-19 11:12:13,1057999408309.375
2021-04-19 15:32:43,1035497851062.5
2021-04-19 18:36:46,1039568018671.875
2021-04-19 22:42:05,1048122980500
2021-04-20 02:19:30,1021005403665.625
2021-04-20 05:36:37,1028448500681.25
2021-04-20 08:51:56,1025333657928.125
2021-04-20 11:06:31,1046586464687.4999
2021-04-20 15:25:44,1035576439931.25
2021-04-20 18:33:42,1050728563828.125
2021-04-20 21:56:18,1059059685600
2021-04-21 01:00:36,1041359484434.3751
2021-04-21 05:59:24,1033413911250
2021-04-21 10:11:27,1039054073778.1251
2021-04-21 13:46:47,1039050637625.0001
2021-04-21 16:44:30,1047643557740.625
2021-04-21 21:10:15,1028223507087.5
2021-04-22 00:48:39,1009195682359.375
2021-04-22 04:30:28,1014835867200
2021-04-22 08:38:54,1003824968890.625
2021-04-22 11:22:40,1009838952449.9999
2021-04-22 13:41:18,1033934001093.75
2021-04-22 15:32:42,1019185328362.5
2021-04-22 18:32:20,996783513840.625
2021-04-22 20:13:30,988762389562.5
2021-04-22 22:56:23,968415914537.5001
2021-04-23 03:12:46,933977777500
2021-04-23 06:14:04,926339283787.5
2021-04-23 10:28:38,920420101512.5
2021-04-23 13:21:10,923677258281.25
2021-04-23 15:08:52,929793918750
2021-04-23 17:58:27,931864386840.625
2021-04-23 21:01:28,944849568312.5
2021-04-23 23:37:11,950555281125.0001
2021-04-24 02:31:10,932338178750
2021-04-24 05:55:16,942650934753.1251
2021-04-24 09:14:47,931283451450
2021-04-24 12:14:30,918663604234.3751
2021-04-24 15:04:16,922743284837.5
2021-04-24 17:51:23,935822382187.5
2021-04-24 21:21:12,948995080118.7501
2021-04-24 23:11:14,942307063201.9987
2021-04-25 01:32:19,939968964600.0001
2021-04-25 04:40:17,930563537421.875
2021-04-25 08:24:39,928494147156.25
2021-04-25 10:34:13,929209680196.875
2021-04-25 13:09:34,932682147500
2021-04-25 15:22:05,943303793573.9437
2021-04-25 19:22:44,930029249906.25
2021-04-25 21:43:30,897100388953.125
2021-04-26 00:08:22,917376366000
2021-04-26 02:15:19,975811385587.5
2021-04-26 07:34:08,985985196875
2021-04-26 10:03:59,999822710437.5
2021-04-26 13:40:42,1004295751875
2021-04-26 18:35:34,1012544962875
2021-04-26 21:47:59,1000428895640.625
2021-04-27 01:38:11,1005369323100
2021-04-27 03:53:35,1000038384375
2021-04-27 05:56:20,1007399533068.75
2021-04-27 08:05:15,1019882515518.75
2021-04-27 11:59:51,1026225112500
2021-04-27 14:31:16,1028847928000
2021-04-27 17:13:26,1022862720547.405
2021-04-27 20:15:14,1026794053715.625
2021-04-28 00:23:51,1031332954600.0001
2021-04-28 03:39:42,1031348163203.125
2021-04-28 05:35:58,1024568370993.75
2021-04-28 07:20:47,1016769713050
2021-04-28 10:29:20,1017766246375.0001
2021-04-28 13:17:52,1025707456396.875
2021-04-28 15:25:06,1014029731593.75
2021-04-28 18:11:13,1025728463062.5
2021-04-28 21:53:16,1023434943300
2021-04-29 02:02:09,1021085315381.2501
2021-04-29 05:17:48,1006416240550
2021-04-29 08:57:36,1009226093437.5
2021-04-29 12:48:16,1018990267099.9999
2021-04-29 17:07:52,990464993614.2422
2021-04-29 19:50:16,990445944018.7499
2021-04-29 21:58:18,990975023221.875
2021-04-30 01:13:01,997739141062.5
2021-04-30 04:00:41,1003755209918.75
2021-04-30 07:14:31,1017754098750.0001
2021-04-30 09:54:10,1018358125400
2021-04-30 12:29:58,1017429494124.9999
2021-04-30 14:47:45,1050067911703.1251
2021-04-30 17:47:17,1060739605200
2021-04-30 21:11:33,1063157353918.75
2021-05-01 00:37:51,1086000086706.2501
2021-05-01 03:29:35,1087371409587.5
2021-05-01 05:54:55,1091098059665.625
2021-05-01 09:48:20,1081008454218.75
2021-05-01 12:30:38,1082500933125
2021-05-01 16:05:57,1073532933000
2021-05-01 18:59:22,1077287633253.125
2021-05-01 21:36:25,1078191180831.25
2021-05-01 23:57:02,1083675373453.125
2021-05-02 02:06:02,1075436342287.5
2021-05-02 05:05:45,1065037750725.0001
2021-05-02 07:24:28,1064931622425
2021-05-02 09:07:41,1057776763906.25
2021-05-02 10:34:23,1061494129500
2021-05-02 12:59:55,1063855997071.875
2021-05-02 15:43:30,1059627124012.5
2021-05-02 17:55:00,1063260425356.25
2021-05-02 19:28:03,1061452817250
2021-05-02 21:31:31,1066301509656.2501
2021-05-03 00:06:45,1059062234456.25
2021-05-03 03:24:37,1087647753937.4999
2021-05-03 05:28:07,1084344415050
2021-05-03 08:06:08,1100842174218.75
2021-05-03 10:06:20,1094397598125
2021-05-03 11:56:19,1100864034240.625
2021-05-03 14:14:52,1079890825212.4999
2021-05-03 16:49:35,1081729402884.375
2021-05-03 20:01:07,1076649561006.25
2021-05-03 22:20:34,1067334429843.7499
2021-05-03 23:36:09,1068798993300
2021-05-04 01:26:14,1035764622000
2021-05-04 03:29:10,1042829349228.125
2021-05-04 06:10:11,1047388487325
2021-05-04 08:41:47,1043140386346.875
2021-05-04 11:03:38,1054655694237.5
2021-05-04 13:08:05,1047873825062.5
2021-05-04 16:01:45,1006740989100.0001
2021-05-04 18:21:25,1013805791871.875
2021-05-04 19:52:21,1018689526707.4056
2021-05-04 22:14:43,1017127171734.375
2021-05-05 00:21:26,1005090231437.5
2021-05-05 03:53:47,1028311968937.5
2021-05-05 06:22:24,1022333783625
2021-05-05 09:11:36,1036878992953.1249
2021-05-05 10:25:28,1034014388200
2021-05-05 13:11:04,1040350350703.1251
2021-05-05 15:53:36,1069519710900
2021-05-05 18:27:14,1075051820390.625
2021-05-05 21:17:53,1065876228690.625
2021-05-05 23:47:28,1072595885231.25
2021-05-06 02:02:19,1064074348903.1249
2021-05-06 04:40:20,1074468827750
2021-05-06 07:49:05,1063890077906.25
2021-05-06 09:06:43,1065897157450
2021-05-06 11:37:35,1083192628684.375
2021-05-06 16:10:50,1069640213362.5
2021-05-06 18:40:43,1062296568953.1249
2021-05-06 20:43:00,1048575565593.75
2021-05-06 22:15:33,1052723970187.5001
2021-05-06 23:54:30,1056900474699.9999
2021-05-07 02:08:54,1051567056421.875
2021-05-07 04:33:06,1037967243749.9999
2021-05-07 07:06:37,1050382062765.625
2021-05-07 09:08:56,1049873716200.0001
2021-05-07 11:34:20,1059324408431.2499
2021-05-07 14:58:53,1068765856706.2501
2021-05-07 18:47:05,1085463587395.4462
2021-05-07 20:23:23,1087584705581.2499
2021-05-07 22:33:03,1068439140125
2021-05-07 23:50:35,1072195157609.3749
2021-05-08 02:29:53,1080159412387.5
2021-05-08 04:47:43,1091013401018.75
2021-05-08 07:10:40,1083285784349.9999
2021-05-08 09:31:55,1108345150968.7498
2021-05-08 11:53:54,1098597565468.75
2021-05-08 13:35:06,1109685700437.5002
2021-05-08 15:54:49,1096300137150.0001
2021-05-08 19:15:32,1111016928165.6252
2021-05-08 21:44:33,1102784155000
2021-05-08 23:39:15,1098619417743.75
2021-05-09 01:43:52,1095512573714.9567
2021-05-09 04:10:18,1098557082331.25
2021-05-09 06:42:20,1096000825050
2021-05-09 08:38:39,1088413036562.5001
2021-05-09 10:46:36,1083415745437.5
2021-05-09 12:25:23,1070983286671.875
2021-05-09 14:40:27,1073280706750
2021-05-09 15:29:46,1071229265062.5
2021-05-09 17:55:04,1073461244999.9999
2021-05-09 21:04:43,1083409106553.125
2021-05-09 23:53:51,1092159947450
2021-05-10 01:12:42,1102575661059.375
2021-05-10 03:43:25,1111850462000
2021-05-10 05:17:18,1111772602609.375
2021-05-10 07:31:34,1104474366187.5
2021-05-10 10:21:14,1084072673287.5
2021-05-10 13:12:54,1080852071775
2021-05-10 15:52:50,1073048474325
2021-05-10 17:18:16,1078086500062.5001
2021-05-10 19:34:04,1058338909368.75
2021-05-10 22:20:19,1046307432712.5
2021-05-11 00:51:20,1048866796687.5
2021-05-11 03:08:32,1022496606750
2021-05-11 06:19:46,1030667842546.8751
2021-05-11 07:56:51,1038408917000
2021-05-11 10:12:58,1046589689268.75
2021-05-11 12:41:13,1029188851556.25
2021-05-11 14:41:17,1045722348125
2021-05-11 18:15:31,1056943208937.5
2021-05-11 20:54:30,1062121761450
2021-05-11 22:08:01,1058451802081.25
2021-05-12 00:39:34,1067474801540.6251
2021-05-12 02:57:59,1068706208850
2021-05-12 06:10:58,1072743778515.625
2021-05-12 09:03:33,1066333108618.75
2021-05-12 10:43:36,1056049837003.125
2021-05-12 13:12:25,1054942710250
2021-05-12 15:37:24,1040767976100
2021-05-12 17:59:39,1030475029781.25
2021-05-12 19:10:29,1013185064618.75
2021-05-12 21:53:58,1020365490199.9999
2021-05-13 00:43:17,910533644934.375
2021-05-13 02:46:27,942904715693.75
2021-05-13 05:13:57,944229035312.5
2021-05-13 07:26:45,959388546000
2021-05-13 09:35:14,932434424568.75
2021-05-13 13:16:48,937098270300
2021-05-13 16:24:17,935597506078.125
2021-05-13 18:29:20,913647514500
2021-05-13 20:17:13,920958706728.1249
2021-05-13 22:38:24,923695518356.25
2021-05-14 02:01:13,936460689859.375
2021-05-14 04:37:30,922789235512.5
2021-05-14 07:24:41,933384212109.375
2021-05-14 12:46:20,943277688200
2021-05-14 16:52:35,951047692306.25
2021-05-14 19:07:43,944719724250
2021-05-14 20:59:53,926931682934.3749
2021-05-14 23:23:37,935291101250
2021-05-15 02:07:36,947598512803.125
2021-05-15 05:16:11,926489066425
2021-05-15 09:17:11,918308426434.3751
2021-05-15 13:01:14,920568592500
2021-05-15 15:57:11,917963656425.0001
2021-05-15 19:44:54,883213267868.75
2021-05-15 23:25:59,898916864624.9999
2021-05-16 01:47:03,897630898443.75
2021-05-16 05:05:34,900854334875
2021-05-16 07:59:45,916099870309.375
2021-05-16 11:05:42,927462945168.75
2021-05-16 14:43:06,906352178062.5001
2021-05-16 17:09:03,885110189250
2021-05-16 21:34:53,834424932009.375
2021-05-16 23:43:01,859728175768.7499
2021-05-17 04:47:26,807797849437.4999
2021-05-17 08:12:09,845367027187.5
2021-05-17 11:09:15,834808772756.25
2021-05-17 13:43:17,835094197950
2021-05-17 17:01:04,796775854875
2021-05-17 19:42:46,826153162841.0657
2021-05-17 22:41:10,814468363281.2501
2021-05-18 03:09:13,842804110237.5
2021-05-18 06:45:27,847038003968.75
2021-05-18 10:47:33,849101240625
2021-05-18 14:49:09,805130320781.25
2021-05-18 18:08:56,811600298468.7499
2021-05-18 23:16:27,794444816215.625
2021-05-19 03:08:55,754075166400
2021-05-19 06:33:39,744526451568.75
2021-05-19 09:27:10,756862953534.3748
2021-05-19 13:05:25,633506375562.5
2021-05-19 16:19:05,681379952728.125
2021-05-19 19:22:30,724077476198.7584
2021-05-19 22:34:35,731438644250
2021-05-20 03:18:43,720195589125
2021-05-20 07:15:23,751255996668.7501
2021-05-20 10:05:05,748116247965.625
2021-05-20 13:58:52,777427363212.5
2021-05-20 17:24:24,735211681696.875
2021-05-20 19:11:53,746051659843.75
2021-05-21 00:09:32,760204279521.8751
2021-05-21 03:40:47,761228557500.0001
2021-05-21 06:17:11,735789828221.875
2021-05-21 11:24:59,758149207375
2021-05-21 15:54:07,700594856296.875
2021-05-21 18:59:45,695611199600
2021-05-21 22:22:12,680446291671.875
2021-05-22 03:08:00,700569357468.75
2021-05-22 07:04:09,681679892306.25
2021-05-22 10:03:51,696431773250
2021-05-22 12:42:16,720523033912.5
2021-05-22 16:19:49,712844221718.75
2021-05-22 20:11:11,698231018821.875
2021-05-22 23:44:22,707742799537.5
2021-05-23 02:44:59,703778965703.125
2021-05-23 05:57:14,693264351193.75
2021-05-23 08:35:48,662339280825
2021-05-23 12:05:53,662839030700
2021-05-23 15:24:38,626925434196.875
2021-05-23 18:27:47,605629260468.7501
2021-05-23 22:30:33,644797850937.5
2021-05-24 02:12:36,658015730900
2021-05-24 06:02:04,661444701243.75
2021-05-24 09:10:43,685986754375
2021-05-24 12:57:52,720589658359.375
2021-05-24 16:07:16,703270748850
2021-05-24 18:12:45,705399183615.6251
2021-05-24 21:55:22,719127737056.4513
2021-05-25 01:05:54,738219440615.625
2021-05-25 04:05:00,718120633312.5
2021-05-25 07:15:59,731882425865.625
2021-05-25 09:37:44,711848867625
2021-05-25 13:00:14,695717825300
2021-05-25 16:30:04,710378117451.9904
2021-05-25 20:50:53,703559376515.625
2021-05-26 00:31:55,709440983006.25
2021-05-26 04:05:48,740312012253.125
2021-05-26 07:16:19,756769973662.5
2021-05-26 12:13:25,746516349665.625
2021-05-26 14:35:19,733351814437.5
2021-05-26 16:50:06,726532885546.875
2021-05-26 19:40:05,715183844900
2021-05-26 23:25:17,727317982337.5
2021-05-27 02:30:25,707853973575
2021-05-27 06:14:11,714353646968.75
2021-05-27 08:20:09,720684917925
2021-05-27 10:44:42,737433763321.875
2021-05-27 16:24:11,736848275575
2021-05-27 20:13:27,726472276703.125
2021-05-28 00:06:42,720963360000
2021-05-28 03:16:09,712852285946.875
2021-05-28 06:06:39,692114336443.75
2021-05-28 08:47:21,690864003309.3751
2021-05-28 13:18:43,691345295250
2021-05-28 16:36:26,677421143812.5
2021-05-28 20:22:49,675955418531.25
2021-05-29 00:08:32,668133984065.625
2021-05-29 04:13:11,683123816500
2021-05-29 07:59:16,676706405568.75
2021-05-29 11:31:12,661627535334.0851
2021-05-29 14:24:06,657113023125
2021-05-29 18:14:52,634520173575
2021-05-29 22:00:27,648826909981.25