Timestamp,total-bitcoins
2020-03-03 00:03:02,18248862.5
2020-03-03 05:32:52,18249300
2020-03-03 11:00:50,18249737.5
2020-03-03 16:38:45,18250175
2020-03-03 21:34:08,18250612.5
2020-03-04 03:11:21,18251062.5
2020-03-04 08:03:42,18251500
2020-03-04 13:13:52,18251937.5
2020-03-04 19:26:40,18252387.5
2020-03-04 23:54:46,18252825
2020-03-05 03:47:14,18253262.5
2020-03-05 08:30:54,18253700
2020-03-05 13:37:59,18254137.5
2020-03-05 19:01:02,18254575
2020-03-06 00:48:58,18255012.5
2020-03-06 05:21:02,18255462.5
2020-03-06 13:16:22,18255900
2020-03-06 18:50:51,18256337.5
2020-03-06 23:49:40,18256775
2020-03-07 04:40:02,18257225
2020-03-07 10:01:24,18257662.5
2020-03-07 14:46:27,18258100
2020-03-07 19:24:25,18258537.5
2020-03-08 03:22:50,18258975
2020-03-08 08:55:02,18259412.5
2020-03-08 11:57:32,18259850
2020-03-08 17:21:58,18260287.5
2020-03-09 00:32:28,18260737.5
2020-03-09 06:18:53,18261175
2020-03-09 12:05:17,18261612.5
2020-03-09 16:57:39,18262050
2020-03-09 23:17:31,18262487.5
2020-03-10 04:27:16,18262925
2020-03-10 11:00:49,18263362.5
2020-03-10 17:23:03,18263800
2020-03-11 00:04:12,18264237.5
2020-03-11 05:14:54,18264675
2020-03-11 12:48:43,18265112.5
2020-03-11 19:51:11,18265550
2020-03-12 03:07:06,18265987.5
2020-03-12 08:42:12,18266437.5
2020-03-12 14:34:54,18266875
2020-03-12 19:42:07,18267325
2020-03-13 02:54:18,18267762.5
2020-03-13 09:27:37,18268200
2020-03-13 16:51:56,18268650
2020-03-13 22:50:50,18269100
2020-03-14 04:37:30,18269537.5
2020-03-14 10:02:51,18269975
2020-03-14 17:27:12,18270412.5
2020-03-15 02:09:43,18270850
2020-03-15 09:57:19,18271287.5
2020-03-15 15:35:36,18271725
2020-03-15 21:18:19,18272162.5
2020-03-16 04:52:04,18272600
2020-03-16 12:29:26,18273037.5
2020-03-16 20:00:51,18273487.5
2020-03-17 02:25:27,18273925
2020-03-17 12:02:16,18274362.5
2020-03-17 19:02:29,18274800
2020-03-17 23:56:59,18275237.5
2020-03-18 06:37:57,18275675
2020-03-18 15:15:18,18276112.5
2020-03-18 23:32:42,18276550
2020-03-19 07:51:27,18276987.5
2020-03-19 13:41:05,18277425
2020-03-19 23:41:35,18277862.5
2020-03-20 09:37:03,18278300
2020-03-20 14:31:51,18278750
2020-03-20 22:51:39,18279187.5
2020-03-21 05:04:48,18279625
2020-03-21 13:09:50,18280062.5
2020-03-21 20:29:21,18280500
2020-03-22 01:45:32,18280937.5
2020-03-22 07:52:34,18281375
2020-03-22 15:02:04,18281812.5
2020-03-22 21:49:02,18282250
2020-03-23 06:38:22,18282687.5
2020-03-23 14:42:14,18283125
2020-03-23 21:33:40,18283562.5
2020-03-24 03:19:55,18284000
2020-03-24 10:27:14,18284437.5
2020-03-24 15:29:01,18284875
2020-03-24 22:59:03,18285312.5
2020-03-25 05:53:34,18285762.5
2020-03-25 18:32:07,18286200
2020-03-26 01:03:16,18286637.5
2020-03-26 06:47:51,18287075
2020-03-26 11:41:43,18287512.5
2020-03-26 16:10:24,18287950
2020-03-26 21:36:39,18288387.5
2020-03-27 03:39:13,18288825
2020-03-27 08:43:10,18289262.5
2020-03-27 12:45:43,18289712.5
2020-03-27 19:40:49,18290150
2020-03-28 01:05:20,18290587.5
2020-03-28 05:50:12,18291025
2020-03-28 13:14:10,18291475
2020-03-28 20:19:19,18291925
2020-03-29 02:27:46,18292362.5
2020-03-29 08:06:33,18292800
2020-03-29 14:02:02,18293250
2020-03-29 18:33:27,18293687.5
2020-03-30 00:56:56,18294125
2020-03-30 06:25:30,18294562.5
2020-03-30 11:32:10,18295000
2020-03-30 18:10:37,18295437.5
2020-03-30 23:28:22,18295875
2020-03-31 04:19:34,18296312.5
2020-03-31 10:02:56,18296750
2020-03-31 16:01:04,18297187.5
2020-03-31 20:44:26,18297625
2020-04-01 02:01:01,18298075
2020-04-01 07:56:58,18298512.5
2020-04-01 13:19:40,18298950
2020-04-01 19:13:31,18299387.5
2020-04-02 00:44:26,18299837.5
2020-04-02 06:44:51,18300275
2020-04-02 11:38:11,18300712.5
2020-04-02 16:11:42,18301150
2020-04-02 22:33:24,18301587.5
2020-04-03 05:32:22,18302025
2020-04-03 10:50:40,18302462.5
2020-04-03 16:31:17,18302900
2020-04-03 22:49:41,18303337.5
2020-04-04 06:35:04,18303775
2020-04-04 12:04:52,18304225
2020-04-04 16:25:51,18304662.5
2020-04-04 21:09:42,18305100
2020-04-05 02:57:30,18305537.5
2020-04-05 07:15:33,18305975
2020-04-05 13:19:35,18306412.5
2020-04-05 18:34:11,18306850
2020-04-05 22:23:35,18307287.5
2020-04-06 03:11:59,18307725
2020-04-06 10:15:30,18308162.5
2020-04-06 16:06:20,18308600
2020-04-06 21:50:29,18309037.5
2020-04-07 04:46:32,18309475
2020-04-07 08:00:07,18309912.5
2020-04-07 13:13:34,18310350
2020-04-07 19:08:17,18310787.5
2020-04-08 00:13:18,18311237.5
2020-04-08 05:56:23,18311675
2020-04-08 11:17:23,18312112.5
2020-04-08 17:59:07,18312550
2020-04-08 23:44:03,18312987.5
2020-04-09 04:33:27,18313425
2020-04-09 11:05:33,18313862.5
2020-04-09 16:37:07,18314300
2020-04-09 22:01:25,18314737.5
2020-04-10 02:53:31,18315175
2020-04-10 08:12:58,18315612.5
2020-04-10 12:45:02,18316050
2020-04-10 18:04:30,18316487.5
2020-04-10 23:40:52,18316925
2020-04-11 04:03:18,18317362.5
2020-04-11 10:11:48,18317800
2020-04-11 15:10:29,18318237.5
2020-04-11 21:25:03,18318687.5
2020-04-12 02:12:16,18319125
2020-04-12 06:57:21,18319562.5
2020-04-12 12:15:08,18320000
2020-04-12 17:38:15,18320437.5
2020-04-12 23:03:42,18320875
2020-04-13 04:53:05,18321312.5
2020-04-13 10:19:17,18321750
2020-04-13 15:20:24,18322200
2020-04-13 20:15:46,18322637.5
2020-04-14 00:40:22,18323075
2020-04-14 04:55:27,18323512.5
2020-04-14 09:20:31,18323950
2020-04-14 15:12:33,18324387.5
2020-04-14 20:58:13,18324825
2020-04-15 02:24:23,18325262.5
2020-04-15 07:04:08,18325700
2020-04-15 11:00:50,18326137.5
2020-04-15 18:03:49,18326575
2020-04-15 21:52:10,18327012.5
2020-04-16 03:04:04,18327450
2020-04-16 08:28:11,18327887.5
2020-04-16 14:00:15,18328325
2020-04-16 18:44:59,18328762.5
2020-04-17 00:24:57,18329200
2020-04-17 06:37:05,18329637.5
2020-04-17 14:08:51,18330075
2020-04-17 20:47:36,18330525
2020-04-18 02:45:18,18330962.5
2020-04-18 08:37:15,18331400
2020-04-18 13:17:45,18331837.5
2020-04-18 18:29:45,18332275
2020-04-18 23:16:45,18332712.5
2020-04-19 05:46:21,18333150
2020-04-19 12:02:42,18333587.5
2020-04-19 17:44:46,18334025
2020-04-19 21:49:21,18334462.5
2020-04-20 03:10:25,18334900
2020-04-20 08:06:18,18335337.5
2020-04-20 14:11:57,18335775
2020-04-20 19:31:19,18336212.5
2020-04-21 00:42:53,18336662.5
2020-04-21 06:49:50,18337112.5
2020-04-21 13:37:14,18337562.5
2020-04-21 17:38:39,18338000
2020-04-21 23:27:53,18338437.5
2020-04-22 04:16:02,18338875
2020-04-22 10:03:39,18339312.5
2020-04-22 16:47:23,18339750
2020-04-23 00:40:19,18340187.5
2020-04-23 07:03:33,18340625
2020-04-23 12:57:58,18341062.5
2020-04-23 18:14:59,18341500
2020-04-24 00:08:34,18341937.5
2020-04-24 05:09:45,18342375
2020-04-24 12:07:24,18342825
2020-04-24 17:17:49,18343262.5
2020-04-24 23:45:51,18343700
2020-04-25 06:11:06,18344137.5
2020-04-25 14:04:23,18344575
2020-04-25 19:55:44,18345012.5
2020-04-26 00:44:00,18345450
2020-04-26 06:22:02,18345887.5
2020-04-26 13:32:38,18346337.5
2020-04-26 19:21:54,18346775
2020-04-27 01:22:11,18347212.5
2020-04-27 07:36:22,18347650
2020-04-27 13:25:21,18348087.5
2020-04-27 19:02:36,18348537.5
2020-04-28 01:12:19,18348975
2020-04-28 07:00:11,18349412.5
2020-04-28 12:24:42,18349850
2020-04-28 16:49:14,18350287.5
2020-04-28 21:40:19,18350725
2020-04-29 05:17:47,18351162.5
2020-04-29 10:22:24,18351600
2020-04-29 16:14:33,18352050
2020-04-29 22:19:25,18352487.5
2020-04-30 04:31:37,18352937.5
2020-04-30 13:18:34,18353375
2020-04-30 18:53:32,18353825
2020-05-01 00:10:24,18354275
2020-05-01 06:19:08,18354712.5
2020-05-01 13:32:31,18355162.5
2020-05-01 19:25:03,18355600
2020-05-02 00:17:09,18356075
2020-05-02 04:41:27,18356512.5
2020-05-02 11:37:17,18356950
2020-05-02 17:05:38,18357387.5
2020-05-02 22:22:22,18357825
2020-05-03 03:58:56,18358262.5
2020-05-03 08:03:50,18358700
2020-05-03 12:27:40,18359150
2020-05-03 18:46:31,18359587.5
2020-05-04 00:34:37,18360025
2020-05-04 05:10:57,18360462.5
2020-05-04 10:05:28,18360900
2020-05-04 15:42:09,18361337.5
2020-05-04 21:50:40,18361775
2020-05-05 02:40:41,18362212.5
2020-05-05 08:10:30,18362650
2020-05-05 14:28:19,18363087.5
2020-05-05 19:37:55,18363525
2020-05-06 00:24:23,18363962.5
2020-05-06 06:17:47,18364400
2020-05-06 11:00:52,18364837.5
2020-05-06 16:20:07,18365325
2020-05-06 21:35:06,18365762.5
2020-05-07 03:39:33,18366200
2020-05-07 11:12:50,18366637.5
2020-05-07 16:15:08,18367075
2020-05-07 20:40:51,18367512.5
2020-05-08 03:40:32,18367950
2020-05-08 09:58:43,18368400
2020-05-08 14:44:09,18368837.5
2020-05-08 21:59:24,18369275
2020-05-09 03:51:53,18369712.5
2020-05-09 10:13:27,18370150
2020-05-09 18:05:01,18370587.5
2020-05-09 23:08:47,18371025
2020-05-10 02:59:30,18371462.5
2020-05-10 08:33:06,18371900
2020-05-10 14:25:30,18372337.5
2020-05-10 19:04:04,18372787.5
2020-05-11 00:00:21,18373225
2020-05-11 03:57:25,18373662.5
2020-05-11 09:11:09,18374125
2020-05-11 13:55:22,18374562.5
2020-05-11 20:23:23,18375000
2020-05-12 03:12:17,18375218.75
2020-05-12 07:22:51,18375437.5
2020-05-12 13:24:42,18375656.25
2020-05-12 20:31:01,18375875
2020-05-13 01:41:47,18376093.75
2020-05-13 10:09:41,18376318.75
2020-05-13 16:08:33,18376537.5
2020-05-13 22:21:01,18376756.25
2020-05-14 09:10:09,18376975
2020-05-14 16:20:31,18377193.75
2020-05-14 22:41:54,18377412.5
2020-05-15 05:04:48,18377631.25
2020-05-15 11:11:06,18377850
2020-05-15 17:31:37,18378068.75
2020-05-16 00:49:57,18378287.5
2020-05-16 06:56:20,18378506.25
2020-05-16 14:02:36,18378725
2020-05-16 19:45:08,18378943.75
2020-05-17 04:43:34,18379162.5
2020-05-17 13:13:48,18379381.25
2020-05-17 22:11:55,18379600
2020-05-18 03:07:05,18379818.75
2020-05-18 09:14:40,18380043.75
2020-05-18 16:20:09,18380262.5
2020-05-18 23:41:11,18380493.75
2020-05-19 08:32:42,18380712.5
2020-05-19 14:09:50,18380931.25
2020-05-19 22:22:43,18381156.25
2020-05-20 06:11:29,18381375
2020-05-20 12:58:41,18381593.75
2020-05-20 20:45:48,18381812.5
2020-05-21 03:14:51,18382031.25
2020-05-21 09:15:27,18382250
2020-05-21 16:44:09,18382468.75
2020-05-21 23:04:15,18382687.5
2020-05-22 05:00:41,18382906.25
2020-05-22 13:53:47,18383125
2020-05-22 19:19:56,18383343.75
2020-05-23 04:30:11,18383562.5
2020-05-23 11:02:22,18383781.25
2020-05-23 19:24:33,18384000
2020-05-24 00:51:38,18384218.75
2020-05-24 07:51:17,18384437.5
2020-05-24 14:39:00,18384656.25
2020-05-24 22:29:49,18384875
2020-05-25 04:58:02,18385093.75
2020-05-25 11:46:15,18385312.5
2020-05-25 18:00:58,18385531.25
2020-05-26 01:47:51,18385750
2020-05-26 09:32:00,18385968.75
2020-05-26 16:52:54,18386187.5
2020-05-26 22:33:53,18386406.25
2020-05-27 04:50:57,18386631.25
2020-05-27 13:02:21,18386850
2020-05-27 18:23:10,18387087.5
2020-05-27 22:28:38,18387306.25
2020-05-28 05:58:45,18387525
2020-05-28 12:34:00,18387743.75
2020-05-28 20:08:09,18387962.5
2020-05-29 00:37:50,18388181.25
2020-05-29 07:17:43,18388400
2020-05-29 13:43:11,18388618.75
2020-05-29 19:42:47,18388843.75
2020-05-30 03:26:15,18389062.5
2020-05-30 08:59:28,18389281.25
2020-05-30 13:46:10,18389500
2020-05-30 20:00:42,18389718.75
2020-05-31 00:02:22,18389937.5
2020-05-31 06:17:14,18390156.25
2020-05-31 11:39:10,18390375
2020-05-31 17:29:15,18390593.75
2020-05-31 22:33:18,18390812.5
2020-06-01 07:41:49,18391031.25
2020-06-01 12:59:36,18391250
2020-06-01 19:08:29,18391468.75
2020-06-02 00:27:15,18391693.75
2020-06-02 06:52:35,18391912.5
2020-06-02 14:18:39,18392131.25
2020-06-02 19:44:41,18392350
2020-06-03 02:08:42,18392568.75
2020-06-03 08:19:58,18392787.5
2020-06-03 14:22:01,18393006.25
2020-06-03 21:10:50,18393225
2020-06-04 02:02:05,18393443.75
2020-06-04 06:50:34,18393662.5
2020-06-04 12:35:46,18393881.25
2020-06-04 19:05:06,18394100
2020-06-05 00:11:36,18394318.75
2020-06-05 04:59:30,18394537.5
2020-06-05 08:48:01,18394756.25
2020-06-05 14:08:02,18394975
2020-06-05 18:51:20,18395193.75
2020-06-05 23:29:05,18395418.75
2020-06-06 05:13:45,18395637.5
2020-06-06 09:34:49,18395856.25
2020-06-06 12:38:49,18396087.5
2020-06-06 17:21:35,18396306.25
2020-06-06 22:07:21,18396531.25
2020-06-07 02:56:24,18396750
2020-06-07 07:07:13,18396968.75
2020-06-07 11:24:59,18397187.5
2020-06-07 17:33:54,18397406.25
2020-06-07 23:24:23,18397625
2020-06-08 06:00:00,18397843.75
2020-06-08 10:20:05,18398062.5
2020-06-08 15:47:34,18398281.25
2020-06-08 20:59:19,18398506.25
2020-06-09 01:46:59,18398725
2020-06-09 07:16:23,18398950
2020-06-09 11:56:39,18399168.75
2020-06-09 18:04:35,18399387.5
2020-06-09 23:19:52,18399606.25
2020-06-10 03:24:08,18399825
2020-06-10 07:35:21,18400043.75
2020-06-10 14:10:50,18400262.5
2020-06-10 18:27:48,18400481.25
2020-06-10 23:50:02,18400700
2020-06-11 05:49:35,18400918.75
2020-06-11 10:40:53,18401137.5
2020-06-11 16:11:58,18401356.25
2020-06-11 19:43:32,18401575
2020-06-11 23:15:43,18401793.75
2020-06-12 05:18:59,18402012.5
2020-06-12 11:26:27,18402231.25
2020-06-12 16:16:42,18402450
2020-06-12 20:48:22,18402668.75
2020-06-13 00:52:42,18402887.5
2020-06-13 05:10:07,18403106.25
2020-06-13 09:42:59,18403325
2020-06-13 16:01:18,18403543.75
2020-06-13 22:15:27,18403768.75
2020-06-14 03:15:40,18403987.5
2020-06-14 08:45:56,18404212.5
2020-06-14 14:15:39,18404431.25
2020-06-14 19:08:10,18404650
2020-06-14 23:32:22,18404868.75
2020-06-15 04:53:55,18405093.75
2020-06-15 11:31:12,18405312.5
2020-06-15 17:32:28,18405531.25
2020-06-15 23:47:53,18405750
2020-06-16 04:26:34,18405968.75
2020-06-16 08:55:45,18406200
2020-06-16 16:03:11,18406418.75
2020-06-16 20:25:29,18406637.5
2020-06-17 05:11:29,18406856.25
2020-06-17 12:32:38,18407075
2020-06-17 16:54:30,18407300
2020-06-17 22:32:06,18407518.75
2020-06-18 04:49:57,18407737.5
2020-06-18 10:43:20,18407956.25
2020-06-18 18:05:42,18408175
2020-06-19 01:53:20,18408393.75
2020-06-19 07:26:14,18408612.5
2020-06-19 13:05:19,18408831.25
2020-06-19 19:17:00,18409050
2020-06-20 00:42:20,18409268.75
2020-06-20 08:07:20,18409487.5
2020-06-20 12:58:09,18409706.25
2020-06-20 19:00:29,18409925
2020-06-21 01:53:47,18410143.75
2020-06-21 07:47:08,18410362.5
2020-06-21 13:49:59,18410587.5
2020-06-21 18:37:15,18410806.25
2020-06-22 00:35:46,18411031.25
2020-06-22 06:28:12,18411256.25
2020-06-22 12:02:41,18411475
2020-06-22 16:43:52,18411693.75
2020-06-23 00:09:32,18411912.5
2020-06-23 06:12:05,18412131.25
2020-06-23 11:48:46,18412350
2020-06-23 16:58:08,18412568.75
2020-06-23 21:27:21,18412787.5
2020-06-24 04:12:33,18413006.25
2020-06-24 10:34:42,18413225
2020-06-24 15:41:42,18413443.75
2020-06-24 20:32:08,18413662.5
2020-06-25 02:53:02,18413881.25
2020-06-25 08:45:41,18414100
2020-06-25 15:34:58,18414318.75
2020-06-25 20:40:12,18414537.5
2020-06-26 04:31:21,18414762.5
2020-06-26 10:03:58,18414981.25
2020-06-26 15:14:33,18415200
2020-06-26 20:01:51,18415425
2020-06-26 23:30:35,18415643.75
2020-06-27 06:05:37,18415862.5
2020-06-27 12:54:00,18416081.25
2020-06-27 18:58:41,18416300
2020-06-27 23:14:32,18416518.75
2020-06-28 04:31:00,18416737.5
2020-06-28 11:21:41,18416956.25
2020-06-28 17:47:52,18417175
2020-06-28 22:16:55,18417393.75
2020-06-29 03:54:54,18417612.5
2020-06-29 11:39:41,18417831.25
2020-06-29 16:23:45,18418050
2020-06-29 21:29:16,18418268.75
2020-06-30 02:09:41,18418487.5
2020-06-30 07:07:20,18418706.25
2020-06-30 12:47:55,18418925
2020-06-30 19:41:19,18419143.75
2020-07-01 02:33:02,18419362.5
2020-07-01 07:36:30,18419587.5
2020-07-01 12:07:54,18419806.25
2020-07-01 18:11:05,18420031.25
2020-07-01 23:17:16,18420250
2020-07-02 03:16:32,18420468.75
2020-07-02 08:22:30,18420687.5
2020-07-02 13:07:07,18420906.25
2020-07-02 19:51:18,18421125
2020-07-03 00:41:34,18421343.75
2020-07-03 06:30:47,18421568.75
2020-07-03 10:53:21,18421787.5
2020-07-03 16:29:02,18422006.25
2020-07-03 22:21:32,18422225
2020-07-04 02:10:29,18422443.75
2020-07-04 07:59:34,18422662.5
2020-07-04 13:06:51,18422881.25
2020-07-04 18:19:44,18423100
2020-07-04 23:41:22,18423318.75
2020-07-05 05:19:40,18423537.5
2020-07-05 11:25:17,18423756.25
2020-07-05 15:43:45,18423975
2020-07-05 20:35:00,18424193.75
2020-07-06 02:01:35,18424412.5
2020-07-06 08:58:53,18424631.25
2020-07-06 13:53:37,18424850
2020-07-06 19:01:43,18425068.75
2020-07-07 00:22:16,18425300
2020-07-07 04:18:02,18425518.75
2020-07-07 09:25:04,18425737.5
2020-07-07 15:48:13,18425962.5
2020-07-07 20:45:18,18426181.25
2020-07-08 02:48:41,18426400
2020-07-08 08:20:03,18426618.75
2020-07-08 13:55:40,18426837.5
2020-07-08 19:26:41,18427056.25
2020-07-09 00:13:45,18427275
2020-07-09 06:18:46,18427506.25
2020-07-09 10:35:16,18427725
2020-07-09 15:40:48,18427943.75
2020-07-09 21:20:29,18428162.5
2020-07-10 02:27:13,18428381.25
2020-07-10 07:40:17,18428606.25
2020-07-10 12:45:34,18428825
2020-07-10 18:23:42,18429043.75
2020-07-10 23:42:07,18429262.5
2020-07-11 05:08:25,18429481.25
2020-07-11 10:03:51,18429700
2020-07-11 16:39:26,18429918.75
2020-07-11 21:30:11,18430137.5
2020-07-12 04:15:22,18430356.25
2020-07-12 10:04:14,18430575
2020-07-12 16:01:15,18430793.75
2020-07-12 19:42:13,18431012.5
2020-07-13 00:14:54,18431231.25
2020-07-13 05:29:33,18431450
2020-07-13 11:49:36,18431668.75
2020-07-13 16:51:35,18431887.5
2020-07-13 22:48:13,18432106.25
2020-07-14 06:44:08,18432325
2020-07-14 13:31:55,18432543.75
2020-07-14 17:42:38,18432768.75
2020-07-14 23:02:43,18432987.5
2020-07-15 04:48:49,18433206.25
2020-07-15 09:35:49,18433425
2020-07-15 15:27:04,18433643.75
2020-07-15 22:52:17,18433862.5
2020-07-16 04:49:02,18434081.25
2020-07-16 10:46:41,18434300
2020-07-16 17:08:56,18434518.75
2020-07-16 23:19:07,18434737.5
2020-07-17 06:25:30,18434956.25
2020-07-17 13:45:49,18435175
2020-07-17 20:29:29,18435393.75
2020-07-18 04:15:25,18435612.5
2020-07-18 10:02:33,18435831.25
2020-07-18 16:44:39,18436050
2020-07-18 23:38:16,18436275
2020-07-19 06:59:50,18436500
2020-07-19 13:31:25,18436718.75
2020-07-19 17:53:29,18436937.5
2020-07-20 01:34:11,18437156.25
2020-07-20 05:27:54,18437375
2020-07-20 12:17:43,18437593.75
2020-07-20 19:06:22,18437812.5
2020-07-21 01:10:52,18438031.25
2020-07-21 07:10:18,18438250
2020-07-21 13:51:40,18438468.75
2020-07-21 20:21:29,18438687.5
2020-07-22 03:52:06,18438906.25
2020-07-22 09:03:28,18439125
2020-07-22 14:41:40,18439343.75
2020-07-22 21:16:10,18439562.5
2020-07-23 03:49:59,18439781.25
2020-07-23 10:04:09,18440000
2020-07-23 15:29:26,18440218.75
2020-07-23 21:49:37,18440437.5
2020-07-24 04:02:48,18440656.25
2020-07-24 09:38:30,18440875
2020-07-24 14:54:10,18441093.75
2020-07-24 21:47:15,18441312.5
2020-07-25 00:36:22,18441531.25
2020-07-25 05:24:36,18441756.25
2020-07-25 11:05:57,18441975
2020-07-25 17:43:15,18442193.75
2020-07-25 23:42:42,18442412.5
2020-07-26 04:49:24,18442631.25
2020-07-26 10:19:13,18442856.25
2020-07-26 16:38:28,18443075
2020-07-26 21:40:46,18443293.75
2020-07-27 02:41:10,18443512.5
2020-07-27 08:26:04,18443731.25
2020-07-27 13:52:19,18443950
2020-07-27 18:38:45,18444175
2020-07-28 01:39:23,18444393.75
2020-07-28 06:39:53,18444612.5
2020-07-28 13:32:19,18444831.25
2020-07-28 18:44:28,18445050
2020-07-29 00:23:09,18445268.75
2020-07-29 05:49:35,18445487.5
2020-07-29 10:04:36,18445706.25
2020-07-29 15:53:27,18445925
2020-07-29 21:57:17,18446143.75
2020-07-30 04:33:05,18446362.5
2020-07-30 11:02:01,18446581.25
2020-07-30 16:57:00,18446800
2020-07-30 23:51:21,18447018.75
2020-07-31 06:00:28,18447237.5
2020-07-31 10:56:34,18447456.25
2020-07-31 16:37:17,18447675
2020-07-31 23:03:12,18447893.75
2020-08-01 04:27:12,18448112.5
2020-08-01 10:19:48,18448331.25
2020-08-01 15:53:56,18448550
2020-08-02 00:02:15,18448768.75
2020-08-02 04:16:53,18448987.5
2020-08-02 11:43:57,18449206.25
2020-08-02 17:30:15,18449425
2020-08-02 22:37:55,18449643.75
2020-08-03 04:40:55,18449862.5
2020-08-03 10:20:33,18450081.25
2020-08-03 16:03:14,18450300
2020-08-03 19:23:28,18450518.75
2020-08-04 00:47:12,18450737.5
2020-08-04 07:04:19,18450956.25
2020-08-04 12:17:33,18451175
2020-08-04 18:49:18,18451393.75
2020-08-04 23:57:08,18451612.5
2020-08-05 06:25:20,18451831.25
2020-08-05 12:51:24,18452050
2020-08-05 18:58:25,18452268.75
2020-08-06 02:03:01,18452487.5
2020-08-06 07:05:18,18452706.25
2020-08-06 13:13:09,18452925
2020-08-06 17:25:47,18453143.75
2020-08-06 22:57:46,18453362.5
2020-08-07 03:59:05,18453587.5
2020-08-07 10:50:50,18453806.25
2020-08-07 16:01:48,18454025
2020-08-07 21:21:56,18454243.75
2020-08-08 02:39:34,18454462.5
2020-08-08 08:59:32,18454681.25
2020-08-08 15:10:59,18454900
2020-08-08 21:16:14,18455118.75
2020-08-09 01:48:52,18455337.5
2020-08-09 07:54:54,18455556.25
2020-08-09 14:24:24,18455775
2020-08-09 18:50:04,18455993.75
2020-08-09 23:28:21,18456212.5
2020-08-10 06:17:18,18456431.25
2020-08-10 13:01:32,18456650
2020-08-10 19:27:03,18456868.75
2020-08-11 00:26:41,18457087.5
2020-08-11 06:28:42,18457306.25
2020-08-11 11:23:10,18457525
2020-08-11 17:46:04,18457743.75
2020-08-11 22:50:16,18457962.5
2020-08-12 03:47:39,18458181.25
2020-08-12 09:41:36,18458400
2020-08-12 14:55:57,18458618.75
2020-08-12 21:08:10,18458837.5
2020-08-13 01:14:05,18459056.25
2020-08-13 05:46:26,18459275
2020-08-13 13:14:00,18459493.75
2020-08-13 17:37:33,18459712.5
2020-08-13 23:15:04,18459931.25
2020-08-14 05:12:08,18460150
2020-08-14 09:53:05,18460368.75
2020-08-14 15:01:34,18460587.5
2020-08-14 21:07:42,18460812.5
2020-08-15 01:48:19,18461031.25
2020-08-15 06:33:17,18461256.25
2020-08-15 12:46:29,18461475
2020-08-15 17:29:55,18461693.75
2020-08-15 22:46:29,18461912.5
2020-08-16 03:22:30,18462131.25
2020-08-16 09:14:43,18462350
2020-08-16 15:49:05,18462568.75
2020-08-16 20:18:55,18462793.75
2020-08-17 03:57:21,18463012.5
2020-08-17 10:33:17,18463231.25
2020-08-17 15:10:27,18463450
2020-08-17 22:33:40,18463668.75
2020-08-18 04:36:54,18463887.5
2020-08-18 11:54:18,18464106.25
2020-08-18 18:17:49,18464325
2020-08-19 00:20:17,18464543.75
2020-08-19 05:03:02,18464768.75
2020-08-19 14:40:26,18464987.5
2020-08-19 19:10:11,18465206.25
2020-08-20 00:05:32,18465425
2020-08-20 06:03:00,18465643.75
2020-08-20 11:49:53,18465862.5
2020-08-20 16:58:53,18466081.25
2020-08-20 23:11:53,18466300
2020-08-21 04:15:56,18466518.75
2020-08-21 09:19:24,18466737.5
2020-08-21 14:37:15,18466956.25
2020-08-21 21:06:31,18467175
2020-08-22 02:41:24,18467393.75
2020-08-22 09:32:41,18467612.5
2020-08-22 15:49:04,18467831.25
2020-08-22 21:45:36,18468056.25
2020-08-23 03:51:15,18468275
2020-08-23 08:22:57,18468493.75
2020-08-23 14:08:14,18468712.5
2020-08-23 19:22:48,18468931.25
2020-08-24 00:44:42,18469156.25
2020-08-24 05:58:40,18469375
2020-08-24 12:17:27,18469593.75
2020-08-24 18:11:17,18469812.5
2020-08-24 23:05:28,18470031.25
2020-08-25 04:33:29,18470250
2020-08-25 12:27:43,18470468.75
2020-08-25 18:11:47,18470693.75
2020-08-26 01:33:47,18470912.5
2020-08-26 06:48:46,18471131.25
2020-08-26 11:42:03,18471350
2020-08-26 17:54:57,18471568.75
2020-08-27 00:56:28,18471787.5
2020-08-27 06:44:44,18472012.5
2020-08-27 15:27:16,18472231.25
2020-08-27 21:49:30,18472450
2020-08-28 02:47:12,18472668.75
2020-08-28 08:47:56,18472887.5
2020-08-28 13:45:47,18473112.5
2020-08-28 18:18:04,18473331.25
2020-08-28 23:11:24,18473550
2020-08-29 04:14:43,18473768.75
2020-08-29 10:24:08,18473987.5
2020-08-29 16:36:48,18474206.25
2020-08-29 21:48:37,18474425
2020-08-30 04:50:36,18474643.75
2020-08-30 11:31:30,18474862.5
2020-08-30 18:19:41,18475081.25
2020-08-31 00:30:26,18475300
2020-08-31 06:04:07,18475518.75
2020-08-31 10:23:28,18475737.5
2020-08-31 15:35:24,18475962.5
2020-08-31 21:48:49,18476181.25
2020-09-01 04:53:15,18476400
2020-09-01 10:52:49,18476618.75
2020-09-01 16:41:29,18476837.5
2020-09-01 20:52:28,18477056.25
2020-09-02 02:10:01,18477275
2020-09-02 07:40:45,18477500
2020-09-02 14:04:24,18477718.75
2020-09-02 20:05:41,18477937.5
2020-09-03 01:56:33,18478156.25
2020-09-03 09:11:47,18478375
2020-09-03 15:26:44,18478593.75
2020-09-03 22:15:14,18478812.5
2020-09-04 05:12:42,18479031.25
2020-09-04 09:58:41,18479250
2020-09-04 14:54:11,18479475
2020-09-04 22:25:30,18479693.75
2020-09-05 05:17:37,18479912.5
2020-09-05 11:27:51,18480131.25
2020-09-05 16:53:51,18480350
2020-09-05 22:53:04,18480575
2020-09-06 05:50:14,18480793.75
2020-09-06 10:44:07,18481012.5
2020-09-06 14:29:10,18481231.25
2020-09-06 20:31:27,18481450
2020-09-07 03:41:42,18481675
2020-09-07 09:29:52,18481893.75
2020-09-07 14:01:49,18482118.75
2020-09-07 18:18:50,18482337.5
2020-09-07 21:51:33,18482556.25
2020-09-08 02:50:19,18482775
2020-09-08 09:17:35,18482993.75
2020-09-08 14:57:55,18483212.5
2020-09-08 19:15:27,18483431.25
2020-09-09 00:58:15,18483650
2020-09-09 06:44:33,18483868.75
2020-09-09 11:19:32,18484087.5
2020-09-09 16:26:50,18484306.25
2020-09-09 22:35:53,18484525
2020-09-10 06:33:34,18484743.75
2020-09-10 11:45:00,18484962.5
2020-09-10 18:02:08,18485181.25
2020-09-10 21:06:48,18485400
2020-09-11 03:47:49,18485618.75
2020-09-11 10:21:49,18485843.75
2020-09-11 14:15:34,18486062.5
2020-09-11 20:51:27,18486281.25
2020-09-12 01:48:25,18486500
2020-09-12 08:21:33,18486725
2020-09-12 12:42:18,18486943.75
2020-09-12 18:00:43,18487162.5
2020-09-12 21:57:51,18487381.25
2020-09-13 03:19:26,18487600
2020-09-13 07:05:25,18487818.75
2020-09-13 13:13:12,18488037.5
2020-09-13 17:55:45,18488256.25
2020-09-13 23:10:15,18488475
2020-09-14 04:05:33,18488693.75
2020-09-14 09:22:37,18488912.5
2020-09-14 14:46:06,18489131.25
2020-09-14 18:52:20,18489356.25
2020-09-15 00:28:17,18489575
2020-09-15 05:42:37,18489793.75
2020-09-15 11:57:21,18490012.5
2020-09-15 17:25:45,18490231.25
2020-09-15 21:30:34,18490450
2020-09-16 03:11:14,18490668.75
2020-09-16 08:39:29,18490887.5
2020-09-16 13:49:14,18491106.25
2020-09-16 19:06:51,18491325
2020-09-17 00:48:43,18491543.75
2020-09-17 05:33:03,18491762.5
2020-09-17 10:19:56,18491981.25
2020-09-17 14:50:43,18492200
2020-09-17 19:04:22,18492418.75
2020-09-18 00:12:17,18492637.5
2020-09-18 05:47:05,18492856.25
2020-09-18 09:45:53,18493075
2020-09-18 13:31:04,18493293.75
2020-09-18 20:47:25,18493512.5
2020-09-19 02:19:40,18493731.25
2020-09-19 08:08:12,18493950
2020-09-19 12:56:47,18494168.75
2020-09-19 18:18:54,18494387.5
2020-09-20 00:32:22,18494606.25
2020-09-20 06:28:44,18494825
2020-09-20 13:25:33,18495043.75
2020-09-20 19:01:14,18495262.5
2020-09-21 00:13:48,18495481.25
2020-09-21 05:35:10,18495700
2020-09-21 10:14:01,18495918.75
2020-09-21 17:27:45,18496137.5
2020-09-21 22:39:28,18496356.25
2020-09-22 05:40:37,18496575
2020-09-22 12:33:03,18496793.75
2020-09-22 18:26:04,18497012.5
2020-09-23 01:11:30,18497231.25
2020-09-23 08:26:27,18497450
2020-09-23 14:54:06,18497668.75
2020-09-23 20:47:02,18497887.5
2020-09-24 00:41:37,18498106.25
2020-09-24 07:43:37,18498325
2020-09-24 12:40:43,18498543.75
2020-09-24 18:16:46,18498762.5
2020-09-25 01:07:59,18498987.5
2020-09-25 06:31:47,18499218.75
2020-09-25 11:19:31,18499437.5
2020-09-25 15:52:04,18499662.5
2020-09-25 21:44:03,18499881.25
2020-09-26 02:52:10,18500100
2020-09-26 10:09:01,18500318.75
2020-09-26 15:50:08,18500537.5
2020-09-26 20:51:10,18500762.5
2020-09-27 02:29:05,18500987.5
2020-09-27 08:19:17,18501206.25
2020-09-27 12:53:15,18501425
2020-09-27 18:41:49,18501650
2020-09-27 23:37:12,18501868.75
2020-09-28 06:23:04,18502087.5
2020-09-28 11:19:35,18502306.25
2020-09-28 18:36:10,18502525
2020-09-29 01:42:39,18502750
2020-09-29 07:11:51,18502968.75
2020-09-29 13:33:36,18503187.5
2020-09-29 19:40:34,18503406.25
2020-09-30 01:51:01,18503625
2020-09-30 07:08:47,18503843.75
2020-09-30 12:56:33,18504062.5
2020-09-30 17:05:09,18504281.25
2020-09-30 23:36:44,18504500
2020-10-01 05:40:07,18504718.75
2020-10-01 13:28:17,18504937.5
2020-10-01 20:07:41,18505156.25
2020-10-02 02:00:21,18505375
2020-10-02 08:06:42,18505593.75
2020-10-02 14:36:58,18505812.5
2020-10-02 20:14:49,18506031.25
2020-10-03 02:09:06,18506250
2020-10-03 06:21:36,18506468.75
2020-10-03 12:31:13,18506687.5
2020-10-03 17:57:37,18506912.5
2020-10-04 00:43:06,18507131.25
2020-10-04 04:44:55,18507350
2020-10-04 11:28:51,18507568.75
2020-10-04 16:40:07,18507787.5
2020-10-04 22:38:16,18508006.25
2020-10-05 03:24:17,18508225
2020-10-05 09:16:18,18508443.75
2020-10-05 15:48:45,18508668.75
2020-10-05 22:05:21,18508893.75
2020-10-06 03:17:04,18509112.5
2020-10-06 08:58:53,18509331.25
2020-10-06 15:12:20,18509556.25
2020-10-06 22:54:54,18509775
2020-10-07 06:21:42,18509993.75
2020-10-07 11:09:00,18510212.5
2020-10-07 15:21:56,18510431.25
2020-10-07 20:52:14,18510650
2020-10-08 02:25:11,18510868.75
2020-10-08 08:05:36,18511087.5
2020-10-08 12:11:45,18511312.5
2020-10-08 18:18:08,18511531.25
2020-10-09 00:21:21,18511750
2020-10-09 06:16:58,18511968.75
2020-10-09 12:32:28,18512187.5
2020-10-09 19:19:46,18512406.25
2020-10-10 00:29:04,18512625
2020-10-10 05:44:18,18512843.75
2020-10-10 13:06:29,18513068.75
2020-10-10 17:55:18,18513287.5
2020-10-10 23:52:07,18513506.25
2020-10-11 05:34:27,18513725
2020-10-11 11:26:44,18513950
2020-10-11 17:28:27,18514168.75
2020-10-11 23:46:23,18514387.5
2020-10-12 05:40:11,18514606.25
2020-10-12 10:52:07,18514825
2020-10-12 16:23:23,18515043.75
2020-10-12 21:52:26,18515262.5
2020-10-13 02:56:44,18515481.25
2020-10-13 09:31:00,18515706.25
2020-10-13 14:51:10,18515925
2020-10-13 19:45:02,18516143.75
2020-10-13 23:55:54,18516362.5
2020-10-14 04:41:19,18516581.25
2020-10-14 10:48:42,18516800
2020-10-14 17:05:12,18517025
2020-10-14 21:43:46,18517243.75
2020-10-15 04:30:00,18517462.5
2020-10-15 10:00:17,18517681.25
2020-10-15 16:39:25,18517900
2020-10-15 21:20:47,18518125
2020-10-16 02:21:03,18518343.75
2020-10-16 08:50:25,18518562.5
2020-10-16 14:01:25,18518781.25
2020-10-16 18:53:57,18519000
2020-10-17 00:38:14,18519218.75
2020-10-17 04:58:04,18519443.75
2020-10-17 09:07:42,18519662.5
2020-10-17 15:49:23,18519881.25
2020-10-17 22:09:21,18520100
2020-10-18 02:47:22,18520318.75
2020-10-18 09:01:24,18520537.5
2020-10-18 17:48:16,18520756.25
2020-10-19 00:17:55,18520975
2020-10-19 08:38:52,18521200
2020-10-19 14:29:52,18521418.75
2020-10-19 21:32:52,18521637.5
2020-10-20 02:31:59,18521856.25
2020-10-20 06:58:39,18522075
2020-10-20 13:22:53,18522293.75
2020-10-20 21:08:07,18522512.5
2020-10-21 03:09:51,18522737.5
2020-10-21 09:09:57,18522956.25
2020-10-21 16:00:43,18523175
2020-10-21 21:45:34,18523393.75
2020-10-22 04:51:55,18523612.5
2020-10-22 10:34:44,18523843.75
2020-10-22 16:51:16,18524062.5
2020-10-22 23:02:32,18524281.25
2020-10-23 07:38:20,18524500
2020-10-23 13:27:55,18524725
2020-10-23 19:25:22,18524943.75
2020-10-24 01:22:07,18525168.75
2020-10-24 06:37:06,18525387.5
2020-10-24 11:45:44,18525606.25
2020-10-24 16:58:40,18525825
2020-10-24 23:49:02,18526043.75
2020-10-25 05:58:40,18526262.5
2020-10-25 14:07:38,18526481.25
2020-10-25 20:54:28,18526700
2020-10-26 03:02:17,18526918.75
2020-10-26 11:11:40,18527137.5
2020-10-26 19:47:39,18527356.25
2020-10-27 02:27:28,18527575
2020-10-27 13:35:53,18527793.75
2020-10-27 21:09:39,18528012.5
2020-10-28 04:57:57,18528231.25
2020-10-28 13:30:09,18528450
2020-10-28 21:23:49,18528668.75
2020-10-29 04:04:54,18528887.5
2020-10-29 12:17:55,18529106.25
2020-10-29 21:19:43,18529325
2020-10-30 04:25:26,18529543.75
2020-10-30 11:14:03,18529762.5
2020-10-30 18:24:59,18529981.25
2020-10-31 03:56:49,18530200
2020-10-31 12:08:44,18530418.75
2020-10-31 20:38:25,18530637.5
2020-11-01 01:25:44,18530856.25
2020-11-01 07:22:40,18531075
2020-11-01 15:09:47,18531293.75
2020-11-01 20:47:32,18531512.5
2020-11-02 04:29:54,18531737.5
2020-11-02 13:10:41,18531956.25
2020-11-02 22:43:16,18532175
2020-11-03 06:16:20,18532393.75
2020-11-03 11:06:36,18532612.5
2020-11-03 17:54:35,18532831.25
2020-11-03 22:10:22,18533050
2020-11-04 03:48:12,18533268.75
2020-11-04 09:23:06,18533487.5
2020-11-04 14:57:11,18533706.25
2020-11-04 20:20:09,18533925
2020-11-05 01:33:54,18534143.75
2020-11-05 08:02:21,18534362.5
2020-11-05 13:24:39,18534581.25
2020-11-05 20:24:06,18534831.25
2020-11-06 01:41:57,18535050
2020-11-06 07:23:09,18535268.75
2020-11-06 12:59:05,18535487.5
2020-11-06 18:19:54,18535712.5
2020-11-06 23:36:42,18535931.25
2020-11-07 04:15:16,18536150
2020-11-07 11:13:39,18536368.75
2020-11-07 16:12:11,18536587.5
2020-11-07 22:13:52,18536806.25
2020-11-08 04:08:06,18537025
2020-11-08 10:30:42,18537243.75
2020-11-08 15:33:33,18537462.5
2020-11-08 22:59:09,18537693.75
2020-11-09 03:33:14,18537912.5
2020-11-09 09:30:26,18538137.5
2020-11-09 13:10:36,18538356.25
2020-11-09 17:21:42,18538575
2020-11-09 22:27:36,18538793.75
2020-11-10 02:36:09,18539012.5
2020-11-10 09:46:02,18539231.25
2020-11-10 14:45:55,18539450
2020-11-10 21:02:02,18539668.75
2020-11-11 02:39:00,18539887.5
2020-11-11 08:52:25,18540106.25
2020-11-11 14:47:53,18540325
2020-11-11 20:15:20,18540543.75
2020-11-12 00:44:25,18540762.5
2020-11-12 07:40:34,18540987.5
2020-11-12 14:25:05,18541206.25
2020-11-12 17:32:59,18541425
2020-11-12 22:35:18,18541643.75
2020-11-13 04:52:08,18541862.5
2020-11-13 10:08:32,18542081.25
2020-11-13 15:43:56,18542300
2020-11-13 22:14:10,18542525
2020-11-14 04:17:23,18542743.75
2020-11-14 09:16:46,18542968.75
2020-11-14 16:10:19,18543193.75
2020-11-14 20:57:12,18543412.5
2020-11-15 03:56:49,18543631.25
2020-11-15 08:59:37,18543850
2020-11-15 14:58:25,18544068.75
2020-11-15 21:02:37,18544287.5
2020-11-16 01:36:01,18544506.25
2020-11-16 07:14:23,18544725
2020-11-16 12:13:05,18544943.75
2020-11-16 17:53:02,18545162.5
2020-11-16 22:43:13,18545381.25
2020-11-17 04:24:22,18545600
2020-11-17 09:09:22,18545818.75
2020-11-17 15:31:11,18546037.5
2020-11-17 20:12:09,18546256.25
2020-11-18 02:28:47,18546475
2020-11-18 06:41:55,18546693.75
2020-11-18 12:06:41,18546912.5
2020-11-18 15:46:04,18547137.5
2020-11-18 20:41:39,18547356.25
2020-11-19 04:35:54,18547581.25
2020-11-19 11:49:40,18547800
2020-11-19 17:46:37,18548018.75
2020-11-19 22:31:09,18548237.5
2020-11-20 03:11:45,18548456.25
2020-11-20 07:24:37,18548675
2020-11-20 12:58:55,18548893.75
2020-11-20 18:05:17,18549112.5
2020-11-20 23:26:25,18549331.25
2020-11-21 03:38:51,18549550
2020-11-21 09:41:42,18549768.75
2020-11-21 14:13:06,18549987.5
2020-11-21 19:50:55,18550206.25
2020-11-22 00:04:49,18550425
2020-11-22 04:34:51,18550650
2020-11-22 09:12:11,18550868.75
2020-11-22 14:19:12,18551087.5
2020-11-22 19:01:22,18551306.25
2020-11-23 00:37:29,18551525
2020-11-23 06:46:38,18551743.75
2020-11-23 11:28:36,18551962.5
2020-11-23 16:37:28,18552181.25
2020-11-23 22:54:08,18552400
2020-11-24 05:45:08,18552618.75
2020-11-24 11:41:55,18552837.5
2020-11-24 18:18:16,18553056.25
2020-11-25 00:03:29,18553275
2020-11-25 05:52:00,18553493.75
2020-11-25 11:42:56,18553712.5
2020-11-25 17:06:33,18553931.25
2020-11-25 21:27:03,18554150
2020-11-26 03:33:58,18554368.75
2020-11-26 09:40:21,18554593.75
2020-11-26 15:35:23,18554812.5
2020-11-26 19:31:43,18555031.25
2020-11-27 01:56:26,18555256.25
2020-11-27 06:57:12,18555475
2020-11-27 13:19:24,18555693.75
2020-11-27 19:19:07,18555912.5
2020-11-27 23:41:57,18556131.25
2020-11-28 04:32:40,18556350
2020-11-28 09:45:45,18556568.75
2020-11-28 15:23:39,18556787.5
2020-11-28 21:01:25,18557006.25
2020-11-29 02:47:32,18557225
2020-11-29 08:31:57,18557456.25
2020-11-29 13:06:36,18557675
2020-11-29 19:39:52,18557893.75
2020-11-30 02:38:28,18558112.5
2020-11-30 09:43:13,18558331.25
2020-11-30 17:53:04,18558550
2020-12-01 00:16:27,18558768.75
2020-12-01 04:29:39,18558987.5
2020-12-01 09:00:32,18559206.25
2020-12-01 17:24:18,18559425
2020-12-01 22:38:57,18559643.75
2020-12-02 07:05:28,18559868.75
2020-12-02 12:44:57,18560087.5
2020-12-02 17:36:58,18560306.25
2020-12-03 00:07:51,18560525
2020-12-03 04:27:15,18560743.75
2020-12-03 11:34:48,18560962.5
2020-12-03 15:41:00,18561181.25
2020-12-03 21:55:13,18561400
2020-12-04 03:45:47,18561618.75
2020-12-04 09:17:18,18561837.5
2020-12-04 15:21:15,18562056.25
2020-12-04 20:43:27,18562275
2020-12-05 01:44:39,18562500
2020-12-05 06:20:34,18562718.75
2020-12-05 14:21:05,18562937.5
2020-12-05 20:26:52,18563156.25
2020-12-06 02:00:06,18563375
2020-12-06 08:51:58,18563593.75
2020-12-06 16:45:48,18563812.5
2020-12-06 22:00:20,18564031.25
2020-12-07 02:32:27,18564250
2020-12-07 06:53:03,18564468.75
2020-12-07 12:08:28,18564687.5
2020-12-07 18:28:09,18564906.25
2020-12-08 00:49:30,18565125
2020-12-08 06:38:50,18565350
2020-12-08 12:59:10,18565575
2020-12-08 19:24:33,18565793.75
2020-12-09 01:00:25,18566012.5
2020-12-09 07:26:01,18566231.25
2020-12-09 14:12:32,18566450
2020-12-09 18:59:16,18566668.75
2020-12-10 01:52:39,18566893.75
2020-12-10 09:51:25,18567112.5
2020-12-10 15:55:26,18567331.25
2020-12-10 21:23:49,18567550
2020-12-11 03:10:44,18567768.75
2020-12-11 08:10:24,18567987.5
2020-12-11 14:30:19,18568206.25
2020-12-11 21:04:01,18568425
2020-12-12 04:30:27,18568650
2020-12-12 09:57:45,18568868.75
2020-12-12 16:32:16,18569087.5
2020-12-12 22:44:45,18569312.5
2020-12-13 04:22:32,18569531.25
2020-12-13 10:22:43,18569750
2020-12-13 15:10:25,18569975
2020-12-13 20:36:45,18570193.75
2020-12-14 02:10:25,18570412.5
2020-12-14 07:37:34,18570631.25
2020-12-14 14:03:42,18570850
2020-12-14 19:29:40,18571068.75
2020-12-15 01:26:39,18571287.5
2020-12-15 06:50:25,18571506.25
2020-12-15 14:54:09,18571725
2020-12-15 20:09:30,18571950
2020-12-16 01:32:09,18572168.75
2020-12-16 06:57:14,18572387.5
2020-12-16 12:39:41,18572606.25
2020-12-16 19:34:58,18572825
2020-12-17 01:51:33,18573050
2020-12-17 09:35:25,18573268.75
2020-12-17 15:29:26,18573487.5
2020-12-17 21:23:19,18573712.5
2020-12-18 02:43:17,18573931.25
2020-12-18 08:29:39,18574150
2020-12-18 14:18:17,18574368.75
2020-12-18 19:22:59,18574587.5
2020-12-19 01:10:46,18574812.5
2020-12-19 05:35:21,18575031.25
2020-12-19 11:55:26,18575250
2020-12-19 16:30:14,18575468.75
2020-12-19 21:29:23,18575687.5
2020-12-20 03:16:42,18575906.25
2020-12-20 07:18:36,18576125
2020-12-20 12:49:24,18576343.75
2020-12-20 20:01:51,18576562.5
2020-12-21 01:31:51,18576781.25
2020-12-21 08:27:52,18577000
2020-12-21 12:58:49,18577218.75
2020-12-21 18:14:53,18577443.75
2020-12-22 02:19:28,18577662.5
2020-12-22 07:04:34,18577887.5
2020-12-22 13:52:40,18578106.25
2020-12-22 18:48:00,18578325
2020-12-23 01:57:13,18578543.75
2020-12-23 07:04:38,18578762.5
2020-12-23 12:14:28,18578981.25
2020-12-23 17:54:54,18579200
2020-12-23 23:17:24,18579418.75
2020-12-24 04:40:32,18579637.5
2020-12-24 10:25:53,18579856.25
2020-12-24 18:35:57,18580075
2020-12-25 01:53:38,18580293.75
2020-12-25 06:32:11,18580512.5
2020-12-25 12:45:11,18580731.25
2020-12-25 19:24:08,18580950
2020-12-26 01:02:15,18581175
2020-12-26 09:19:23,18581393.75
2020-12-26 14:16:58,18581612.5
2020-12-26 18:56:00,18581831.25
2020-12-27 01:59:37,18582050
2020-12-27 07:33:08,18582268.75
2020-12-27 13:08:27,18582487.5
2020-12-27 18:37:28,18582706.25
2020-12-28 00:09:39,18582925
2020-12-28 05:22:34,18583143.75
2020-12-28 10:31:31,18583362.5
2020-12-28 14:59:17,18583581.25
2020-12-28 20:41:37,18583800
2020-12-29 04:24:31,18584025
2020-12-29 09:57:59,18584243.75
2020-12-29 14:52:03,18584462.5
2020-12-29 20:38:28,18584681.25
2020-12-30 01:37:37,18584900
2020-12-30 05:41:47,18585118.75
2020-12-30 09:30:52,18585343.75
2020-12-30 15:01:23,18585568.75
2020-12-30 20:05:30,18585787.5
2020-12-31 02:17:43,18586006.25
2020-12-31 06:51:31,18586225
2020-12-31 11:24:47,18586443.75
2020-12-31 17:54:43,18586662.5
2020-12-31 22:19:35,18586881.25
2021-01-01 03:13:57,18587100
2021-01-01 09:05:59,18587318.75
2021-01-01 14:27:21,18587537.5
2021-01-01 20:23:32,18587756.25
2021-01-02 03:24:40,18587981.25
2021-01-02 08:07:26,18588200
2021-01-02 13:43:39,18588425
2021-01-02 19:28:53,18588643.75
2021-01-03 01:14:41,18588862.5
2021-01-03 06:10:13,18589081.25
2021-01-03 12:37:21,18589300
2021-01-03 16:59:13,18589518.75
2021-01-03 21:52:23,18589737.5
2021-01-04 02:43:54,18589956.25
2021-01-04 08:16:39,18590187.5
2021-01-04 12:29:59,18590406.25
2021-01-04 18:17:47,18590625
2021-01-04 22:28:59,18590850
2021-01-05 03:55:19,18591068.75
2021-01-05 09:52:50,18591287.5
2021-01-05 15:11:12,18591506.25
2021-01-05 20:39:00,18591725
2021-01-06 00:53:31,18591943.75
2021-01-06 06:07:11,18592162.5
2021-01-06 10:42:28,18592381.25
2021-01-06 15:39:38,18592600
2021-01-06 20:19:34,18592818.75
2021-01-07 01:03:21,18593037.5
2021-01-07 06:48:56,18593262.5
2021-01-07 11:42:27,18593481.25
2021-01-07 16:05:12,18593700
2021-01-07 21:38:26,18593918.75
2021-01-08 02:34:01,18594137.5
2021-01-08 08:51:20,18594356.25
2021-01-08 14:45:18,18594575
2021-01-08 20:37:05,18594793.75
2021-01-09 01:21:39,18595012.5
2021-01-09 06:55:06,18595231.25
2021-01-09 13:41:40,18595456.25
2021-01-09 19:58:44,18595675
2021-01-10 01:52:43,18595900
2021-01-10 06:59:25,18596118.75
2021-01-10 12:13:06,18596337.5
2021-01-10 17:50:52,18596556.25
2021-01-10 22:45:55,18596775
2021-01-11 04:06:36,18596993.75
2021-01-11 09:09:37,18597212.5
2021-01-11 15:01:40,18597431.25
2021-01-11 20:49:11,18597650
2021-01-12 01:28:22,18597868.75
2021-01-12 06:39:09,18598087.5
2021-01-12 13:03:38,18598312.5
2021-01-12 19:28:52,18598531.25
2021-01-13 00:38:05,18598750
2021-01-13 06:43:46,18598968.75
2021-01-13 11:49:02,18599187.5
2021-01-13 17:10:40,18599406.25
2021-01-13 23:10:19,18599625
2021-01-14 03:51:13,18599843.75
2021-01-14 09:27:11,18600062.5
2021-01-14 15:47:45,18600281.25
2021-01-14 21:44:09,18600512.5
2021-01-15 03:42:48,18600731.25
2021-01-15 09:01:38,18600950
2021-01-15 15:28:11,18601168.75
2021-01-15 20:37:09,18601387.5
2021-01-16 00:58:21,18601606.25
2021-01-16 06:12:11,18601825
2021-01-16 12:40:55,18602050
2021-01-16 18:51:44,18602268.75
2021-01-17 01:15:20,18602493.75
2021-01-17 08:53:56,18602712.5
2021-01-17 14:20:55,18602931.25
2021-01-17 20:35:55,18603150
2021-01-18 01:01:38,18603368.75
2021-01-18 07:14:49,18603587.5
2021-01-18 12:54:56,18603812.5
2021-01-18 18:53:59,18604031.25
2021-01-19 01:12:25,18604250
2021-01-19 06:10:16,18604468.75
2021-01-19 12:14:11,18604687.5
2021-01-19 18:08:53,18604906.25
2021-01-19 23:45:04,18605131.25
2021-01-20 06:27:33,18605350
2021-01-20 11:19:33,18605568.75
2021-01-20 17:31:22,18605787.5
2021-01-20 23:15:40,18606006.25
2021-01-21 08:20:06,18606225
2021-01-21 14:48:16,18606443.75
2021-01-21 19:16:12,18606662.5
2021-01-22 01:34:34,18606881.25
2021-01-22 06:47:15,18607100
2021-01-22 12:55:10,18607318.75
2021-01-22 18:19:37,18607537.5
2021-01-23 02:00:40,18607756.25
2021-01-23 07:46:39,18607975
2021-01-23 14:24:43,18608193.75
2021-01-23 19:23:53,18608412.5
2021-01-23 23:06:59,18608631.25
2021-01-24 04:04:19,18608850
2021-01-24 10:27:13,18609075
2021-01-24 18:01:40,18609293.75
2021-01-24 23:04:10,18609512.5
2021-01-25 05:12:45,18609731.25
2021-01-25 11:49:22,18609950
2021-01-25 17:11:30,18610175
2021-01-25 23:06:38,18610393.75
2021-01-26 04:05:31,18610612.5
2021-01-26 08:32:07,18610837.5
2021-01-26 14:45:30,18611056.25
2021-01-26 20:27:15,18611275
2021-01-27 02:06:57,18611493.75
2021-01-27 09:25:04,18611712.5
2021-01-27 14:35:01,18611931.25
2021-01-27 20:01:49,18612150
2021-01-28 02:39:31,18612368.75
2021-01-28 07:55:35,18612587.5
2021-01-28 13:46:54,18612806.25
2021-01-28 17:45:42,18613025
2021-01-29 00:23:17,18613250
2021-01-29 07:16:21,18613468.75
2021-01-29 12:18:45,18613687.5
2021-01-29 17:01:07,18613906.25
2021-01-29 22:47:22,18614125
2021-01-30 03:46:10,18614343.75
2021-01-30 09:43:37,18614562.5
2021-01-30 17:12:48,18614781.25
2021-01-30 23:29:36,18615000
2021-01-31 05:45:51,18615218.75
2021-01-31 11:21:27,18615437.5
2021-01-31 17:25:24,18615656.25
2021-01-31 21:55:29,18615875
2021-02-01 05:39:21,18616093.75
2021-02-01 12:25:58,18616312.5
2021-02-01 19:07:23,18616537.5
2021-02-02 02:13:12,18616756.25
2021-02-02 08:19:04,18616975
2021-02-02 13:26:54,18617193.75
2021-02-02 19:07:59,18617412.5
2021-02-03 00:03:47,18617637.5
2021-02-03 04:34:36,18617856.25
2021-02-03 09:55:38,18618075
2021-02-03 15:54:21,18618293.75
2021-02-03 22:43:51,18618512.5
2021-02-04 03:39:35,18618731.25
2021-02-04 09:16:47,18618950
2021-02-04 14:15:59,18619168.75
2021-02-04 20:18:57,18619387.5
2021-02-05 01:04:37,18619606.25
2021-02-05 04:58:53,18619825
2021-02-05 11:33:31,18620043.75
2021-02-05 15:14:42,18620268.75
2021-02-05 20:43:01,18620487.5
2021-02-06 02:25:03,18620706.25
2021-02-06 07:40:47,18620931.25
2021-02-06 13:15:36,18621156.25
2021-02-06 19:17:00,18621375
2021-02-06 23:38:13,18621593.75
2021-02-07 05:45:50,18621812.5
2021-02-07 10:47:37,18622031.25
2021-02-07 16:28:18,18622250
2021-02-07 20:34:19,18622468.75
2021-02-08 02:23:57,18622687.5
2021-02-08 06:53:48,18622906.25
2021-02-08 13:40:49,18623125
2021-02-08 17:43:22,18623350
2021-02-08 22:49:25,18623575
2021-02-09 05:42:57,18623793.75
2021-02-09 11:50:48,18624012.5
2021-02-09 17:03:50,18624231.25
2021-02-09 23:21:24,18624456.25
2021-02-10 04:15:06,18624675
2021-02-10 09:45:08,18624900
2021-02-10 15:57:37,18625118.75
2021-02-10 20:40:45,18625337.5
2021-02-11 05:20:54,18625562.5
2021-02-11 12:21:51,18625781.25
2021-02-11 18:03:04,18626000
2021-02-12 00:54:07,18626231.25
2021-02-12 06:57:25,18626450
2021-02-12 12:40:49,18626668.75
2021-02-12 19:15:44,18626893.75
2021-02-13 01:02:29,18627118.75
2021-02-13 05:52:47,18627337.5
2021-02-13 12:00:49,18627556.25
2021-02-13 16:34:37,18627775
2021-02-13 22:33:34,18627993.75
2021-02-14 03:14:27,18628212.5
2021-02-14 08:01:04,18628431.25
2021-02-14 14:00:40,18628650
2021-02-14 19:43:50,18628868.75
2021-02-15 02:03:32,18629087.5
2021-02-15 08:04:41,18629306.25
2021-02-15 13:56:31,18629531.25
2021-02-15 18:59:30,18629750
2021-02-16 00:53:31,18629968.75
2021-02-16 09:57:24,18630187.5
2021-02-16 16:44:13,18630406.25
2021-02-16 22:28:25,18630625
2021-02-17 05:05:11,18630843.75
2021-02-17 10:40:44,18631062.5
2021-02-17 18:32:22,18631281.25
2021-02-17 22:56:17,18631500
2021-02-18 03:28:30,18631718.75
2021-02-18 09:36:22,18631937.5
2021-02-18 16:55:21,18632168.75
2021-02-18 23:24:06,18632387.5
2021-02-19 05:27:13,18632606.25
2021-02-19 09:54:13,18632825
2021-02-19 15:30:22,18633043.75
2021-02-19 21:05:57,18633262.5
2021-02-20 02:43:17,18633481.25
2021-02-20 08:09:30,18633700
2021-02-20 13:49:03,18633918.75
2021-02-20 20:22:55,18634137.5
2021-02-21 02:02:46,18634356.25
2021-02-21 07:47:03,18634575
2021-02-21 13:46:09,18634800
2021-02-21 19:02:34,18635018.75
2021-02-22 02:05:51,18635237.5
2021-02-22 08:10:23,18635456.25
2021-02-22 12:54:38,18635675
2021-02-22 20:53:18,18635893.75
2021-02-23 03:01:48,18636112.5
2021-02-23 11:06:26,18636337.5
2021-02-23 17:50:24,18636556.25
2021-02-23 23:43:21,18636775
2021-02-24 05:11:42,18636993.75
2021-02-24 09:50:43,18637212.5
2021-02-24 15:23:28,18637431.25
2021-02-24 21:10:31,18637656.25
2021-02-25 02:00:55,18637875
2021-02-25 06:46:59,18638093.75
2021-02-25 12:14:24,18638312.5
2021-02-25 18:40:56,18638537.5
2021-02-26 00:13:46,18638762.5
2021-02-26 07:23:35,18638981.25
2021-02-26 12:30:02,18639200
2021-02-26 18:16:10,18639418.75
2021-02-27 00:08:40,18639637.5
2021-02-27 05:19:42,18639856.25
2021-02-27 09:37:00,18640075
2021-02-27 15:21:00,18640293.75
2021-02-27 20:03:17,18640512.5
2021-02-28 03:19:45,18640731.25
2021-02-28 10:46:20,18640950
2021-02-28 16:18:51,18641168.75
2021-02-28 23:09:52,18641387.5
2021-03-01 05:57:42,18641606.25
2021-03-01 12:23:34,18641825
2021-03-01 19:10:00,18642043.75
2021-03-02 00:55:10,18642262.5
2021-03-02 06:57:26,18642481.25
2021-03-02 11:57:03,18642700
2021-03-02 18:55:24,18642925